Wie ist das Komplement \(A^c\) einer Menge \(A\subseteq\Omega\) definiert?,"\(A^c := \Omega \setminus A\). Achtung: Diese Notation setzt voraus, dass klar ist, auf welche Referenz-Obermenge \(\Omega\) man sich bezieht."
"Wie sind Vereinigung und Schnitt abzählbar vieler Mengen \(A_i\), \(i\in I\), definiert?",\(\bigcup_{i\in I} A_i = \{\omega\in\Omega : \exists j\in I \text{ mit } \omega\in A_j\}\) (mind. ein \(A_i\) enthält \(\omega\)). \(\bigcap_{i\in I} A_i = \{\omega\in\Omega : \omega\in A_i \ \forall i\in I\}\) (alle \(A_i\) enthalten \(\omega\)).
"Welche drei Rechenregeln für Mengen/Ereignisse kennst du (Kommutativ-, Assoziativ-, de Morgan)?","Kommutativität: \(A\cup B = B\cup A\), \(A\cap B = B\cap A\). Assoziativität: \((A\cup B)\cup C = A\cup(B\cup C)\), analog für \(\cap\). De Morgan: \((A\cup B)^c = A^c\cap B^c\) und \((A\cap B)^c = A^c\cup B^c\)."
"Wann heißen zwei Mengen \(A,B\) disjunkt?",Wenn \(A\cap B = \emptyset\) gilt.
"Wann heißt eine Familie \(A_1,A_2,\dots\) (allgemein \(A_i, i\in I\)) disjunkt?","Wenn der Gesamtschnitt aller Mengen leer ist: \(\bigcap_i A_i = \emptyset\). (Es reicht, dass es keinen gemeinsamen Punkt in ALLEN Mengen gibt — einzelne Paare können sich trotzdem überschneiden!)"
"Wann heißt eine Familie \(A_1,A_2,\dots\) paarweise disjunkt?","Wenn \(A_i \cap A_j = \emptyset\) für alle \(i\neq j\) gilt (jedes Paar einzeln betrachtet ist disjunkt). Achtung: In der Quelldefinition steht fälschlich \(\neq\emptyset\), korrekt ist aber \(=\emptyset\) für paarweise Disjunktheit."
Welche Notation verwendet man für die Vereinigung paarweise disjunkter Mengen?,"\(\dot\bigcup_i A_i\) statt \(\bigcup_i A_i\), wenn die \(A_i\) paarweise disjunkt sind. Man spricht von einer disjunkten Vereinigung."
Folgt aus paarweiser Disjunktheit die (einfache) Disjunktheit einer Mengenfamilie?,"Ja: paarweise disjunkt \(\Rightarrow\) disjunkt, denn \(\bigcap_i A_i \subseteq A_1\cap A_2 = \emptyset\)."
"Beispiel: Sind \(A=\{2,4,6\}\), \(B=\{3,6\}\), \(C=\{1\}\) beim Würfeln disjunkt?","\(A\cap B = \{6\} \neq \emptyset \Rightarrow A,B\) NICHT disjunkt. \(A\cap C = \emptyset \Rightarrow A,C\) disjunkt. Zweites Beispiel: \(A_1=\{1,3\}, A_2=\{3,5\}, A_3=\{1,5\}\) sind disjunkt (\(A_1\cap A_2\cap A_3=\emptyset\)), aber NICHT paarweise disjunkt (da z.B. \(A_1\cap A_2=\{3\}\neq\emptyset\))."
Gilt auch die Umkehrung: disjunkt \(\Rightarrow\) paarweise disjunkt?,"Nein. Disjunkt impliziert NICHT paarweise disjunkt — es gibt Gegenbeispiele (siehe \(A_k=\{k,k+1,\dots\}\): die Mengen sind disjunkt, aber keine zwei von ihnen sind paarweise disjunkt, da \(A_i\cap A_j = A_j\neq\emptyset\) für \(i<j\))."
"Beispiel: Warum sind \(A_k=\{k,k+1,k+2,\dots\}\) für \(k\in\mathbb{N}\) disjunkt, aber nicht paarweise disjunkt?","Nicht paarweise disjunkt: Für \(i<j\) gilt \(A_i\cap A_j = A_j \neq \emptyset\). Aber disjunkt: \(\bigcap_{i\in\mathbb{N}} A_i=\emptyset\), denn gäbe es ein \(\ell\) im Gesamtschnitt, müsste \(\ell\in A_{\ell+1}=\{\ell+1,\ell+2,\dots\}\) gelten — unmöglich, da \(\ell<\ell+1\)."
Additivität von \(P\): Wie berechnet man \(P\) einer disjunkten Vereinigung \(\dot\bigcup_i A_i\)?,"\(P\left(\dot\bigcup_i A_i\right) = \sum_i P(A_i)\), für paarweise disjunkte \(A_1,A_2,\dots\). Gilt auch bei durch Dichten gegebenem \(P\). Beweis: Umsortieren der Doppelsumme \(\sum_i \sum_{\omega\in A_i}\mu(\omega) = \sum_i P(A_i)\)."
Wie lautet die Formel für die Komplementärwahrscheinlichkeit (Gegenwahrscheinlichkeit)?,\(P(A^c) = P(\Omega\setminus A) = 1-P(A)\). Beweis: \(\Omega = A\ \dot\cup\ A^c \Rightarrow 1=P(\Omega)=P(A)+P(A^c) \Rightarrow P(A^c)=1-P(A)\) (folgt aus Additivität).
Monotonie von \(P\): Was folgt aus \(A\subseteq B\) für \(P(A)\) und \(P(B)\)?,\(A\subseteq B \Rightarrow P(A)\leq P(B)\). Beweis: \(B = A\ \dot\cup\ (B\setminus A) \Rightarrow P(B) = P(A) + \underbrace{P(B\setminus A)}_{\geq 0} \geq P(A)\).
"Wie berechnet man \(P(A)\), wenn \(A\subseteq B\) bekannt ist (Formel mit \(B\setminus A\))?",\(A\subseteq B \Rightarrow P(A) = P(B) - P(B\setminus A)\).
"Wie lautet die Formel für \(P(A\cup B)\) bei nicht notwendig disjunkten \(A,B\)?","\(P(A\cup B) = P(A) + P(B) - P(A\cap B)\). Beweis: \(A\cup B = A\ \dot\cup\ [B\setminus(A\cap B)]\), dann Additivität und \(P(B\setminus(A\cap B)) = P(B)-P(A\cap B)\) einsetzen."
Wie berechnet man \(P(A\cup B)\) bzw. \(P(A\cup B\cup C)\) je nachdem ob die Mengen (paarweise) disjunkt sind?,"\(A,B\) disjunkt: \(P(A\dot\cup B)=P(A)+P(B)\). \(A,B\) nicht disjunkt: \(P(A\cup B)=P(A)+P(B)-P(A\cap B)\). \(A,B,C\) paarweise disjunkt: \(P(A\cup B\cup C)=P(A)+P(B)+P(C)\). Allgemein (nicht paarweise disjunkt): siehe Ein- und Ausschlussprinzip für drei Ereignisse."
"Wie lautet das Ein- und Ausschlussprinzip für drei Ereignisse \(A,B,C\)?",\(P(A\cup B\cup C) = \underbrace{P(A)+P(B)+P(C)}_{\text{Mengen}} - \underbrace{P(A\cap B)-P(A\cap C)-P(B\cap C)}_{\text{Paare}} + \underbrace{P(A\cap B\cap C)}_{\text{Tripel}}\).
Wie lautet das allgemeine Ein- und Ausschlussprinzip für \(n\) Ereignisse?,"\(P\left(\bigcup_{i=1}^n A_i\right) = \sum_{k=1}^n (-1)^{k+1} \sum_{1\leq i_1<\dots<i_k\leq n} P(A_{i_1}\cap\dots\cap A_{i_k})\). Man summiert über alle möglichen Schnitte von \(k\) Mengen (mit alternierendem Vorzeichen), für \(k=1,\dots,n\). Beweis für allgemeines \(n\): vollständige Induktion (Fälle \(n=2,3\) als Basis)."
