Provirus,"In das Wirtsgenom integrierte doppelsträngige DNA-Kopie eines Retrovirus, flankiert von zwei LTRs. Sie wird wie ein zelluläres Gen von der Wirts-RNA-Polymerase transkribiert"
Polypyrimidin-Folge,Pyrimidin-reiche Sequenz zwischen Verzweigungsstelle und 3'-Spleißstelle. Bindestelle für U2AF2 und wichtig für die Erkennung der 3'-Spleißstelle.
Proto-Onkogen,todo
Wachstumsfaktor,todo
Verzweigungsstelle (Branchpoint),"Konserviertes Adenosin innerhalb des Introns (Konsensus u.\,a. UACUAAC), dessen 2'-OH-Gruppe im ersten Schritt des Spleißens das 5'-Spleißende angreift und so die Lariat-Struktur ausbildet."
Vergleich von verwandten Genomen,"Wissenschaftsgebiet, das Ähnlichkeiten und Unterschiede zwischen DNA-Sequenzen, Genen, der Genreihenfolge, regulatorischen Sequenzen und anderen genomischen Merkmalen untersucht, um festzustellen, wie Organismen miteinander verwandt sind."
Transesterifizierung,"Umesterungsreaktion, die dem nukleären Spleißen zugrunde liegt. Zwei aufeinanderfolgende Transesterifizierungen (Angriff des Verzweigungs-2'-OH, dann des Exon-1-3'-OH) trennen das Intron heraus und verknüpfen die Exons."
tRNA-Primer,"Zelluläre tRNA, die sich an die Primerbindestelle der retroviralen RNA anlagert und der Reversen Transkriptase das freie 3\('\)-OH-Ende für den Start der Minusstrang-Synthese liefert. Sie wird vor der Plusstrang-Synthese wieder entfernt"
Translokation,todo
Trans-Spleißen,Verknüpfung von Exons aus zwei getrennten RNA-Molekülen (im Gegensatz zum normalen cis-Spleißen). Prominent bei Trypanosomen (Spliced-Leader-/Mini-Exon-Anhängung).
T-DNA,todo
Ti-Plasmid,todo
Gametophyt,"Haploide (1n) Generation im Entwicklungszyklus der Pflanzen. Bei Angiospermen stark reduziert: der männliche Gametophyt ist das Pollenkorn (generative Zelle + Pollenschlauchzelle), der weibliche Gametophyt der Embryosack (Eizelle, 2 Synergiden, 2 Polkerne, 3 Antipodenzellen)"
Telophase,"die Chromatiden erreichen die entgegen- gesetzten Pole, Rückbildung der Kernhülle, Dekondensierung der Chromosomen, Nucleoli wieder sichtbar"
Spacer,"Nicht-kodierende Sequenzabschnitte in Transkriptionseinheiten. Man unterscheidet transkribierte Spacer (werden mit-transkribiert und später entfernt) und nicht-transkribierte Spacer (enthalten z.\,B. Spacer-Promotoren und Enhancer), besonders relevant bei der rDNA/rRNA."
Sporophyt,Diploide (2n) vielzellige Generation; entsteht aus der Zygote und bildet durch Meiose Sporen. Bei Blptenpflanzen die dominante Generation (''die Pflanze'')
Somatische Segregation,"Zufaellige Aufteilung unterschiedlicher Organellengenome auf Tochterzellen bei der Zellteilung (relevant bei Heteroplasmie, v.a. in Pflanzen), sodass verschiedene Gewebe unterschiedliche Organellengenotypen tragen koennen."
Selbst-Spleißen (self-splicing),"Spleißen ohne Spleißosom, bei dem das Intron als Ribozym selbst die Reaktion katalysiert. Vorkommen u.\,a in Tetrahymena, Mitochondrien, Chloroplasten, Schleimpilzen, Bacteriophage T4."
replikative Transposition,"Transposition, bei der der Donor unverändert bleibt und der Rezipient eine Kopie des Transposons erhält"
Reverse Transkriptase,"RNA-abhängige DNA-Polymerase der Retroviren und Retrotransposons. Synthetisiert ausgehend von einem tRNA-Primer den Minusstrang der DNA an der retroviralen RNA und besitzt zusätzlich eine RNase\,H-Aktivität, die den RNA-Anteil des Hybrids abbaut"
RNase H,"Enzymaktivität der Reversen Transkriptase, die den RNA-Strang eines RNA-DNA-Hybrids abbaut. Sie legt das 3\('\)-Ende der neu synthetisierten DNA frei und erzeugt die RNA-Fragmente, die später als Primer der Plusstrang-Synthese dienen"
RNA-Editierung (RNA editing),"Post-transkriptionale Änderung der RNA-Sequenz (Basenumwandlung, U-Insertion/-Deletion), sodass die reife mRNA von der genomischen Sequenz abweicht. Häufig in Mitochondrien, Plastiden und Trypanosomen, aber auch in ''normalen'' Säugetier-Transkripten."
RFLP,"Die Tatsache, dass genomische DNA verschiedener Individuen unterschiedliche Schnittstellen für Restriktionsenzyme aufweist."
RAS,todo
R-Bande,"offene, früh replizierende und genreiche Bereiche"
Q-/G-Bande,"kondensierte, spät replizierende und genarme Bereiche"
Prophase,"Kondensierung des Chromatins, Chromosomen werden sichtbar, Spindelapparat bildet sich"
Prometaphase,"Kernhülle zerfällt, Kinetochore, Spindelapparat vollständig"
Onkogen,Modifizierte Varianten von im normalen Genom vorhandenen Genen
Macrophage,todo
Metaphase,Bildung der Metaphasenplatte: Chromosomen ordnen sich in einer Ebene zwischen den Spindelpolen
Reassoziationskinetik,"Geschwindigkeiten, mit denen sich komplementäre DNA-Stränge zusammenlagern"
TCR,todo
somatische Hypermutation,todo
schwere kette,todo
cregion,todo
vregion,todo
hapten,todo
antigene determinante,todo
Gewebeverträglichkeitskomplex,todo
TLR,todo
MAMP,todo
PRR,todo
major histo-compatibility complex,todo
Lariat-Struktur (Lasso),"Lasso-förmige Struktur des herausgespleißten Introns, entsteht durch eine 5'{}-2'-Phosphodiesterbindung zwischen dem 5'-G des Introns und dem 2'-OH des Verzweigungs-Adenosins."
lymphocyte dna,todo
leichte kette,todo
LTR (Long Terminal Repeat),"Identische, aus U3-R-U5 aufgebaute Sequenzwiederholung an beiden Enden der integrierten proviralen DNA. Die LTRs sind im RNA-Genom nicht vorhanden, sondern entstehen erst durch den Mechanismus der reversen Transkription mit ihren zwei Sprüngen; sie enthalten Promotor- und Enhancer-Elemente"
LTR-Retrotransposon,"Retroposon mit langen terminalen Repeats, Reverser Transkriptase und/oder Integrase, das Introns enthalten kann (entfernt in subgenomischer mRNA) und 4-6\,bp Zielsequenzverdopplung erzeugt. Beispiele: Ty in S.\,cerevisiae, copia in D.\,melanogaster. Unterscheidet sich vom Retrovirus im Wesentlichen durch das fehlende env-Gen"
Klasse I Transposon,"Mobile RNA Zwischenstufe, deren Vermehrung abhängig von der Herstellung von DNA-Kopien der RNA- Transkripte, DNA integriert an neuen Stellen im Genom ist; auch: Retrotransposon"
Klasse II Transposon,Intermediäres DNA Element mit direkter Transposition und Vermehrung im Genom; auch: Retroposon
konservative Transposition,"Transposition, bei der der Donor eine Bruchstelle an der (ehemaligen) Stelle des Transposons davon trägt und der Rezipient das Transposon erhält"
Kopplungskarte (genetische Karte),"Zeigt Abstaende zwischen Loci in Einheiten, die auf Rekombinationshaeufigkeiten beruhen. Begrenzt durch die Notwendigkeit, Rekombinationen zwischen variablen Markern zu beobachten. Die Rekombinationshaeufigkeit ist proportional zum physikalischen Abstand der Loci."
innate immunity,todo
Idiogramm,"Schematische Darstellung von Chromosomen, ausgerichtet am Centromer"
Interphase,todo
Inversion,todo
Integrase,"Vom pol-Bereich codiertes Enzym, das die provirale DNA in das Wirtsgenom einbaut. Es erzeugt an den LTRs um zwei Basen zurückgesetzte 3\('\)-Enden, schneidet die Ziel-DNA versetzt und verknüpft die LTR-3\('\)-Enden mit den 5\('\)-Enden des Targets"
Intron-Ekennungsmodus,"Erkennungsmodus, bei dem die zusammengehörigen Spleißstellen über das (kurze) Intron hinweg definiert werden (''interactions across the intron''). Typisch für kurze Introns."
H-Klasse,todo
HLA-Komplex,todo
Hämophilie A,"Krankheit aufgrund von Mangel an Gerinnungsfaktor VIII. Folge: Auftreten spontaner, unkontrollierbarer innerer Blutungen. Hat einen geschlechtsgebundenen Erbgang"
Hämophilie B,Krankheit aufgrund von Mangel an Blutgerinnungsfaktor IX
Hemi-Methylierung,todo
GT-AG-Regel (Jambon-Regel),"Regel, nach der Introns fast immer mit GT (im Transkript GU) beginnen und mit AG enden. Auf RNA-Ebene korrekter ''GU-AG-Regel''. Gilt für die ''major''/U2-Typ-Introns (kanonische Spleißstellen, ca 98\,\%)."
Extranukläere Gene,"Gene ausserhalb des Zellkerns (in Mitochondrium oder Chloroplast). Sie werden in demselben Organellenkompartiment transkribiert und translatiert, in dem sie liegen."
Downstream Promoter Element (DPE),"Core-Promotorelement der RNA-Polymerase II, das stromabwärts des Transkriptionsstarts liegt und insbesondere bei TATA-losen Promotoren zur Initiation der Transkription beiträgt."
Exon-Ekennungsmodus,"Erkennungsmodus, bei dem die Spleißfaktoren zunächst über das Exon hinweg interagieren (''interactions across the exon'') und erst danach zum Intron-überspannenden Komplex umschalten. Wichtig bei langen Introns."
exchange factor,todo
epitope,todo
Deaminase,"Enzym, das eine Aminogruppe abspaltet. Bei der RNA-Editierung: Cytidin-Deaminase (C\,\(\to\)\,U) und Adenosin-Deaminase (A\,\(\to\)\,I, Inosin)."
\(\beta\)-Thalassämie,"Humane Erbkrankheit mit Hämoglobin-Mangel. Kann durch Spleiß-Mutationen entstehen, die einen ''falschen Spleißort'' aktivieren und so das \(\beta\)-Globin-Transkript fehlprozessieren"
Contig,"Aus ueberlappenden Klonen bzw. Sequenz-Reads zusammengesetzter, zusammenhaengender (""contiguous"") DNA-Bereich."
C-Wert-Paradoxon,Der C-Wert ist die haploide Genomgroesse (DNA-Menge) einer Art. Paradox: die Genomgroesse korreliert bei Eukaryoten nicht mit der Komplexitaet oder Genzahl des Organismus (grosse Genome enthalten viel nicht-kodierende/repetitive DNA).
Alternatives Spleissen,"Exons können unterschiedlich kombiniert werden, sodass aus einem Gen mehrere verschiedene mRNAs/Proteine entstehen. Ein Grund, warum ""ein Gen = ein Protein"" für Eukaryoten nicht zutrifft."
Annotation,"Das Zuweisen von Struktur und Funktion zu einer DNA-Sequenz: Auffinden von Genen, Exon-Intron-Struktur, kodierenden Bereichen und funktionelle Charakterisierung."
Anaphase,"gepaarte Kinetochore trennen sich, Chromatiden wandern zu den entgegengesetzten Polen"
