"Wie ist die Alignment-Distanz (Editierdistanz) zweier Sequenzen \(x,y\in\Sigma^*\) definiert?","\(d(x,y) := \min\{cost(A) : A\in\mathcal A^* \text{ ist ein Alignment von } x \text{ und } y\}\) - die minimalen Kosten über alle möglichen Alignments."
"Wie berechnen sich die Kosten eines Alignments \(A=(A_1,\dots,A_n)\)?",\(cost(A) = \sum_{i=1}^n cost(A_i)\) - die Summe der Kosten aller Spalten des Alignments.
Wie sind im einfachsten (Unit-Cost-)Fall die Kosten einer einzelnen Alignment-Spalte \(A_i=\binom{a_i}{b_i}\) definiert?,"\(0\) bei einer Match-Spalte (\(a_i=b_i\)), und \(1\) bei einer Mismatch-Spalte (\(a_i\neq b_i\)) oder einer Indel-Spalte (\(a_i=-\) oder \(b_i=-\))."
"Mit welcher Laufzeit lässt sich das Alignment-Problem (Editierdistanz + optimales Alignment) für zwei Strings der Längen \(m,n\) lösen?","In \(O(mn)\) Zeit mittels eines einfachen, eleganten dynamischen Programmierungs-Algorithmus."
"In welcher Situation ist die Editierdistanz kein gutes Ähnlichkeitsmaß, obwohl die Texte intuitiv ähnlich sind?","Wenn ein großer Textblock verschoben wird (z.\,B zwei Absätze werden vertauscht) - die Editierdistanz kann dann hoch sein, obwohl die Texte aus anderer Sicht noch sehr ähnlich sind, da sie stark auf die korrekte Reihenfolge der Zeichen achtet."
Was ist ein \(q\)-Gramm?,Ein String der Länge \(q\) (für ein gegebenes \(q\in\mathbb N\)). Betrachtet werden stets überlappende \(q\)-Gramme.
"Wie ist die Occurrence Count (Vorkommenshäufigkeit) \(Occ(x,z)\) eines \(q\)-Gramms \(z\) in einem String \(x\in\Sigma^m\) definiert?","\(Occ(x,z) := |\{i\in[1,m-q+1] : x[i\dots i+q-1]=z\}|\) - die Anzahl der Startpositionen, an denen \(z\) als Teilwort in \(x\) vorkommt."
Was ist das \(q\)-Gramm-Profil \(p_q(x)\) eines Strings \(x\)?,"Ein \(\sigma^q\)-elementiger Vektor \(p_q(x)=(p_q(x)_z)_{z\in\Sigma^q}\), indiziert durch alle möglichen \(q\)-Gramme, mit \(p_q(x)_z := Occ(x,z)\) - die geordnete Liste, wie oft jedes mögliche \(q\)-Gramm in \(x\) vorkommt."
"Wie ist die \(q\)-Gramm-Distanz \(d_q(x,y)\) zweier Strings \(x\in\Sigma^m\), \(y\in\Sigma^n\) definiert?","\(d_q(x,y) := \sum_{z\in\Sigma^q} |p_q(x)_z - p_q(y)_z|\) für \(1\le q\le\min\{m,n\}\) - die Summe der absoluten Differenzen der \(q\)-Gramm-Häufigkeiten."
Wie lässt sich die \(q\)-Gramm-Distanz umgangssprachlich beschreiben?,"Man zählt für jedes mögliche Länge-\(q\)-Teilwort, wie oft es in \(x\) bzw in \(y\) vorkommt, bildet jeweils die Differenz dieser Häufigkeiten, und summiert die Beträge dieser Differenzen über alle möglichen \(q\)-Gramme auf."
Ist die \(q\)-Gramm-Distanz eine echte Metrik?,"Nein, nur eine Pseudometrik: Es gibt Strings \(x\neq y\) mit \(d_q(x,y)=0\)."
"Welche Eigenschaften erfüllt die \(q\)-Gramm-Distanz, die sie zu einer Pseudometrik machen?","Nichtnegativität, Symmetrie und die Dreiecksungleichung - aber nicht die Eigenschaft ""\(d_q(x,y)=0 \Rightarrow x=y\)""."
"Wann ist es sinnvoll, das \(q\)-Gramm-Profil eines Strings als Array zu implementieren?","Wenn das Profil dicht (""dense"") ist, d.\,h nicht überwiegend aus Nullen besteht."
Wie ist eine Ranking-Funktion für eine endliche Menge \(\mathcal X\) definiert?,"Eine bijektive Funktion \(r:\mathcal X \to [0,|\mathcal X|-1]\) - sie ordnet jedem Element von \(\mathcal X\) eindeutig eine Zahl im Bereich \(0,\dots,|\mathcal X|-1\) zu."
Warum geht der Wertebereich einer Ranking-Funktion bis \(|\mathcal X|-1\) und nicht bis \(|\mathcal X|\)?,"Weil die Nummerierung bei \(0\) beginnt (0-indiziert) - eine Menge mit \(|\mathcal X|\) Elementen wird so bijektiv auf die \(|\mathcal X|\) Zahlen \(0,1,\dots,|\mathcal X|-1\) abgebildet."
Was ist eine Unranking-Funktion?,Die Umkehrfunktion einer Ranking-Funktion.
Was ist die Alphabet-Encoding-Ranking-Funktion \(r_\Sigma\)?,"Eine Ranking-Funktion auf den einzelnen Zeichen des Alphabets \(\Sigma\): Sie ordnet jedem Buchstaben eine eindeutige Zahl zwischen \(0\) und \(\sigma-1\) zu (\(\sigma=|\Sigma|\)) und bildet die Grundlage, um daraus eine Ranking-Funktion für ganze \(q\)-Gramme zu konstruieren."
Wie lautet die Formel der fallenden Ranking-Funktion für ein \(q\)-Gramm \(z\)?,\(r(z) = \sum_{i=1}^q r_\Sigma(z[i])\cdot\sigma^{q-i}\).
Wie lautet die Formel der steigenden Ranking-Funktion für ein \(q\)-Gramm \(z\)?,\(r(z) = \sum_{i=1}^q r_\Sigma(z[i])\cdot\sigma^{i-1}\).
"Worin unterscheiden sich fallende und steigende Ranking-Funktion inhaltlich, und welche ist für Texte natürlicher?","Bei der fallenden Funktion hat die erste Position das höchste Gewicht \(\sigma^{q-1}\) (wie bei Stellenwertsystemen, z.\,B bei der Dezimalzahl 23 hat die 2 das höhere Gewicht). Bei der steigenden Funktion hat die letzte Position das höchste Gewicht. Für Texte ist die steigende Variante natürlicher, da wir erwarten, dass niedrigere Positionsnummern links von höheren stehen."
Nach welchem Prinzip arbeitet die Unranking-Methode für die fallende Ranking-Funktion?,"Mit einem sich ändernden (dynamischen) Divisor: In jeder Iteration wird durch eine fallende Potenz von \(\sigma\) geteilt; das Ergebnis der Division (nicht der Rest) bestimmt das jeweilige Zeichen, der Rest ist Startwert der nächsten Iteration."
Nach welchem Prinzip arbeitet die Unranking-Methode für die steigende Ranking-Funktion?,"Mit einem festen Divisor \(\sigma\): In jeder Iteration wird durch \(\sigma\) geteilt; der Rest der Division (nicht das Ergebnis) bestimmt das jeweilige Zeichen, und das Ergebnis der Division ist Startwert der nächsten Iteration."
In welcher Zeit lassen sich Ranking und Unranking eines \(q\)-Gramms jeweils durchführen?,Beide in \(O(q)\) Zeit.
"Welches Problem tritt auf, wenn man \(q=1\) wählt?","Man addiert dann lediglich die Differenzen der einzelnen Buchstabenhäufigkeiten. Bei großen \(m,n\) gibt es viele, auch sehr unterschiedlich aussehende Strings mit denselben Buchstabenhäufigkeiten, die dadurch alle Distanz \(0\) zueinander hätten - schlechte Auflösung."
"Welches Problem tritt auf, wenn man \(q\) zu groß wählt (z.\,B \(q=m\le n\) mit \(m\approx n\))?","Die Distanz \(d_q\) liegt dann fast immer nahe bei \(n-m\), was ebenfalls keine gute Auflösung liefert; zudem wird das \(q\)-Gramm-Profil extrem dünn besetzt (sparse)."
Nach welchem Kriterium sollte \(q\) gewählt werden?,"So, dass jedes \(q\)-Gramm im Mittel etwa einmal (bzw mindestens \(c\ge1\) mal) vorkommt."
"Wie groß ist bei angenommener Gleichverteilung der Buchstaben die Wahrscheinlichkeit, dass ein festes \(q\)-Gramm \(z\) an einer festen Position beginnt?",\(1/\sigma^q\).
Warum ist diese Wahrscheinlichkeit nicht einfach \(1/\sigma\)?,"Weil nicht nur der erste, sondern alle \(q\) Buchstaben des \(q\)-Gramms an den jeweils richtigen Positionen stehen müssen. Da jeder Buchstabe unabhängig mit Wahrscheinlichkeit \(1/\sigma\) an seiner Position steht, multiplizieren sich die Wahrscheinlichkeiten der \(q\) Positionen zu \((1/\sigma)^q\)."
Wie lautet die erwartete Anzahl an Vorkommen eines festen \(q\)-Gramms in einem String \(x\) der Länge \(m\)?,\(\dfrac{m-q+1}{\sigma^q}\) (da es \(m-q+1\) mögliche Startpositionen gibt).
"Wie lautet die Formel zur Wahl von \(q\), damit jedes \(q\)-Gramm im Erwartungswert mindestens \(c\)-mal vorkommt?",\(q = \left\lfloor \dfrac{\log(m)-\log(c)}{\log(\sigma)} \right\rfloor\).
"Welche besondere Effizienzeigenschaft haben beide Ranking-Funktionen, wenn ein Fenster der Länge \(q\) über einen Text geschoben wird?","Der Rang des \(q\)-Gramms lässt sich in \(O(1)\) Zeit aktualisieren, statt ihn komplett neu in \(O(q)\) Zeit zu berechnen (Rolling-Hash-Prinzip)."
"Wie lautet die Update-Formel für die fallende Ranking-Funktion, wenn das Fenster von \(au\) zu \(ub\) verschoben wird?",\(r(ub) = \big(r(au) \bmod \sigma^{q-1}\big)\cdot\sigma + r_\Sigma(b)\).
"Wie lautet die Update-Formel für die steigende Ranking-Funktion, wenn das Fenster von \(au\) zu \(ub\) verschoben wird?",\(r(ub) = \left\lfloor \dfrac{r(au)}{\sigma}\right\rfloor + r_\Sigma(b)\cdot\sigma^{q-1}\).
Warum ist die Update-Formel der steigenden Ranking-Funktion in der Praxis oft effizienter als die der fallenden?,"Sie kommt ohne Modulo-Operation aus und benötigt nur eine ganzzahlige Division (sowie ggf einen Tabellenzugriff für \(r_\Sigma(b)\cdot\sigma^{q-1}\)) - das ist i.\,d.\,R schneller als eine Modulo-Operation."
"Welcher Trick beschleunigt die Ranking-Updates zusätzlich, wenn \(\sigma=2^k\) eine Zweierpotenz ist?","Multiplikationen und Divisionen mit \(\sigma\) lassen sich durch Bit-Shift-Operationen ersetzen (z.\,B wird eine Division durch \(\sigma\) zu einem Rechts-Shift um \(k\) Bits)."
"Wie lautet die Gesamtlaufzeit des Standardalgorithmus zur Berechnung von \(d_q(x,y)\), und woraus setzt sie sich zusammen?","\(O(\sigma^q + m + n)\): \(O(\sigma^q)\) für Initialisierung und finales Aufsummieren des Profil-Arrays, sowie \(O(m)\) bzw \(O(n)\) für das (inkrementelle) Zählen der \(q\)-Gramme in \(x\) bzw \(y\)."
"Welche Gesamtlaufzeit ergibt sich, wenn \(q\) gemäß der empfohlenen Formel gewählt wird (und \(m\le n\))?","\(O(n)\) - die Wahl von \(q\) sorgt dafür, dass \(\sigma^q\) in der Größenordnung von \(m/c\) bleibt, sodass die Gesamtlaufzeit linear in der Eingabelänge ist."
"Wie geht man vor, wenn \(q\) vergleichsweise groß ist und ein volles Array \(p_q\) zu viel Speicher benötigen würde?","Man verwendet eine Datenstruktur (z.\,B Hashing), die nur die von Null verschiedenen Einträge von \(p_q\) speichert. Ist \(q=O(\log(m+n))\), lässt sich so weiterhin \(O(m+n)\) Zeit erreichen."
"Wie groß ist der Speicherplatzbedarf, um das \(q\)-Gramm-Profil als Array zu speichern?",\(O(\sigma^q)\) (gleichbedeutend mit \(O(\#q\text{-Gramme})\)) - das Array benötigt einen Eintrag für jedes der \(\sigma^q\) möglichen \(q\)-Gramme.
"Wie groß ist der zusätzliche Speicherplatzbedarf einer Ranking-Funktion selbst (z.\,B der fallenden oder steigenden)?","Kein nennenswerter zusätzlicher Speicherplatz - die Berechnung erfolgt direkt über die Formel, ohne eine Hilfsstruktur aufzubauen."
Welche Ungleichung stellt einen Zusammenhang zwischen \(q\)-Gramm-Distanz und Editierdistanz her?,"\(\dfrac{d_q(x,y)}{2q} \le d(x,y)\)."
"Wie lautet die Beweisidee für die Ungleichung \(\frac{d_q(x,y)}{2q}\le d(x,y)\)?","Jede Editieroperation beeinflusst lokal bis zu \(q\) verschiedene \(q\)-Gramme. Jedes veränderte \(q\)-Gramm kann die \(q\)-Gramm-Distanz um bis zu \(2\) verändern (die Häufigkeit des einen \(q\)-Gramms sinkt, die eines anderen steigt). Daher kann jede Editieroperation die \(q\)-Gramm-Distanz im schlimmsten Fall um bis zu \(2q\) erhöhen."
Wozu ist die Ungleichung zwischen \(q\)-Gramm- und Editierdistanz praktisch nützlich?,"Sie erlaubt es, die schnelle \(q\)-Gramm-Distanz als Filter zu verwenden, um die Berechnung der teuren Editierdistanz zu beschleunigen - z.\,B um wenig ähnliche Kandidatenpaare vorab auszuschließen."
Wie ist die Maximal-Matches-Distanz \(\delta(x\|y)\) definiert?,"\(\delta(x\|y) := \min\{|P| : P \text{ ist eine Partition von } x \text{ bezüglich } y\}\) - die minimale Anzahl an Teilstücken, in die man \(x\) zerlegen kann, wobei jedes Teilstück auch in \(y\) vorkommt."
Welche Grundidee steckt hinter der Maximal-Matches-Distanz?,"Wie gut lässt sich eine Sequenz \(x\) aus wenigen, langen Teilstücken einer anderen Sequenz \(y\) zusammensetzen? Wenige lange ""Matches"" deuten auf Ähnlichkeit hin, viele kurze Matches auf Unähnlichkeit."
Wie ist eine Partition \(P\) von \(x\) bezüglich \(y\) formal definiert?,"Schreibt man \(x=z_0b_1z_1b_2\dots z_{l-1}b_lz_l\) mit (ggf leeren) Teilstrings \(z_i\) und einzelnen Zeichen \(b_i\), so ist \(P=(z_0,\langle b_1\rangle,z_1,\dots,\langle b_l\rangle,z_l)\) eine Partition von \(x\) bezüglich \(y\), wenn jedes \(z_i\) ein Teilstring von \(y\) ist."
Wie ist die Größe \(|P|\) einer Partition definiert?,Als die Anzahl \(l\) der trennenden Einzelzeichen \(b_i\).
Wann existiert eine Partition der Größe \(0\)?,Wenn \(x\) selbst ein Teilstring von \(y\) ist - dann ist \(P_0=(x)\) die kürzeste Partition mit \(|P_0|=0\).
"Existiert immer eine Partition maximaler Größe \(m=|x|\), und wie sieht sie aus?","Ja, sie existiert immer (selbst wenn \(y=\varepsilon\)): \(P_m=(\varepsilon,\langle x[1]\rangle,\varepsilon,\langle x[2]\rangle,\dots,\langle x[m]\rangle,\varepsilon)\), bei der jedes Zeichen einzeln als Trenner fungiert."
Wie ist die Maximal-Matches-Distanz \(\delta(x\|y)\) definiert?,\(\delta(x\|y) := \min\{|P| : P \text{ ist eine Partition von } x \text{ bezüglich } y\}\) - die minimale Größe über alle Partitionen von \(x\) bezüglich \(y\).
Wie groß ist der zusätzliche Speicherplatzbedarf zur Berechnung der Maximal-Matches-Distanz (über die Eingabe hinaus)?,Kein nennenswerter zusätzlicher Speicherplatz jenseits der für die Berechnung genutzten Datenstruktur (Suffixbaum von \(y\)).
Mit welcher Strategie findet man effizient eine Partition minimaler Größe?,"Mit einer Greedy-Strategie: Man deckt \(x\) beginnend an der ersten Position mit einem möglichst langen Match ab, der noch Teilstring von \(y\) ist, und wiederholt dies für den Rest von \(x\)."
Wie ist die Links-Rechts-Partition (\(P_{LR}\)) von \(x\) bezüglich \(y\) charakterisiert?,"Durch die Bedingung, dass für jedes \(i\in[1,\ell]\) die Verkettung \(z_{i-1}b_i\) kein Teilstring von \(y\) ist - man verlängert also jedes Stück \(z_{i-1}\) so weit wie möglich, bis das nächste Zeichen die Teilstring-Eigenschaft zerstören würde."
"Wie ist die Rechts-Links-Partition (\(P_{RL}\)) von \(x\) bezüglich \(y\) charakterisiert, im Unterschied zur Links-Rechts-Partition?","Durch die Bedingung, dass für jedes \(i\in[1,\ell]\) die Verkettung \(b_iz_i\) kein Teilstring von \(y\) ist - hier wird von rechts her jedes Stück \(z_i\) so weit wie möglich nach links ausgedehnt."
"Welche Beziehung besteht zwischen Links-Rechts-Partition, Rechts-Links-Partition und der Maximal-Matches-Distanz?","Beide Partitionen haben minimale Größe, und diese Größe ist genau die Maximal-Matches-Distanz: \(|P_{LR}(x,y)| = |P_{RL}(x,y)| = \delta(x\|y)\)."
"In welcher Zeit lässt sich die Maximal-Matches-Distanz \(\delta(x\|y)\) berechnen, und welche Datenstruktur macht das möglich?","In \(O(|x|+|y|)\) Zeit, unter Verwendung des Suffixbaums von \(y\) (mit dem sich der längste an einer Position \(i\) in \(x\) beginnende, in \(y\) vorkommende Teilstring in \(O(|z|)\) Zeit finden lässt)."
Welche Ungleichung stellt einen Zusammenhang zwischen Maximal-Matches-Distanz und Editierdistanz her?,"\(\delta(x\|y) \le d(x,y)\) - die Maximal-Matches-Distanz ist eine untere Schranke für die (Unit-Cost-)Editierdistanz."
"Ist die Maximal-Matches-Distanz symmetrisch, und wann ist sie gleich \(0\)?","Nein, \(\delta\) ist nicht symmetrisch. \(\delta(x\|y)=0\) gilt genau dann, wenn \(x\) ein Teilstring von \(y\) ist - das ist im Allgemeinen nicht äquivalent dazu, dass \(y\) ein Teilstring von \(x\) ist."
"Warum ist die Bezeichnung ""Maximal-Matches-Distanz"" etwas irreführend?",Weil \(\delta\) mangels Symmetrie gar keine Metrik im mathematischen Sinn ist.
"Wie lässt sich aus der asymmetrischen Maximal-Matches-Distanz eine echte, symmetrische Metrik konstruieren?","\(d_\|(x,y) := \log(\delta(x\|y)+1) + \log(\delta(y\|x)+1)\); diese Funktion ist eine Metrik auf \(\Sigma^*\)."
Ist die Maximal-Matches-Distanz eine exakte Alternative zur Editierdistanz?,"Nein - sie ist eine untere-Schranke-Heuristik für die Editierdistanz, keine exakte Distanz. Nach Vorverarbeitung von \(y\) (Suffixbaum) läuft die Zerlegung von \(x\) in \(O(|x|)\) Zeit."
Warum kann der quadratische DP-Algorithmus für die Editierdistanz trotz polynomieller Laufzeit in der Praxis als langsam gelten?,Weil bei langen Sequenzen sowohl die quadratische Zeit- als auch die quadratische Speicherplatzkomplexität in der Praxis erhebliche Probleme verursachen können.
"Wie lautet das typische Datenbanksuche-Problem, das die Motivation für Filtration liefert?","Gegeben eine Datenbank \(X=\{x_1,\dots,x_k\}\), eine Anfragesequenz \(y\) und ein Schwellenwert \(t\ge0\): Finde alle \(x\in X\) mit \(\text{edis}(x,y)\le t\)."
"Welche Laufzeit hat die naive Lösung des Datenbanksuche-Problems, bei der \(y\) nacheinander mit jeder Sequenz verglichen wird?","\(O(k\cdot mn)\), wobei \(m\) eine obere Schranke für die Länge der Datenbanksequenzen und \(n=|y|\) ist."
Was ist ein Filter im Kontext der Sequenzsuche?,"Ein schnelles Screening-Verfahren, das garantiert, dass alle tatsächlich relevanten Sequenzen (mit \(\text{edis}(x,y)\le t\)) unter den verbleibenden Kandidaten sind - ein Filter darf also keine echten Treffer verwerfen."
Wie ist das zweistufige Verfahren aus Filtration und Verifikation aufgebaut?,"Zuerst werden in einem schnellen Filtrationsschritt Kandidaten identifiziert, die eine Chance haben, Treffer zu sein. Danach werden diese Kandidaten im (meist langsameren) Verifikationsschritt mit der exakten Methode überprüft."
Wann ist Filtration überhaupt sinnvoll?,Nur wenn das im Filtrationsschritt verwendete Verfahren eine geringere Zeitkomplexität hat als das im Verifikationsschritt verwendete Verfahren.
Wie kombiniert man mehrere Filter miteinander?,"Man wendet zunächst alle Filter an und führt die teure Verifikation nur noch für diejenigen Elemente durch, die alle Filter passiert haben."
Wie lautet das konkrete Filterkriterium mit Hilfe der \(q\)-Gramm-Distanz?,"Eine Datenbanksequenz \(x\) kann verworfen werden, sobald \(d_q(x,y)/(2q) > t\) gilt (folgt aus der Ungleichung \(d_q(x,y)/(2q)\le d(x,y)\))."
Wann kann der \(q\)-Gramm-Distanz-Filter einen falschen Kandidaten (False Positive) durchlassen?,"Wenn sich die Sequenzen hauptsächlich durch Blockverschiebungen unterscheiden: Dann ist die Editierdistanz meist hoch, während die \(q\)-Gramm-Distanz trotzdem niedrig bleiben kann."
"Wie lautet das konkrete Filterkriterium mit Hilfe der Maximal-Matches-Distanz, und warum kann man es in beide Richtungen anwenden?","Eine Sequenz \(x\) kann verworfen werden, sobald \(\delta(x\|y)>t\) oder \(\delta(y\|x)>t\) gilt. Da die Editierdistanz symmetrisch ist, \(\delta\) selbst aber nicht, kann man die asymmetrische untere Schranke in beiden Richtungen prüfen und beide Bedingungen als Filter nutzen."
Was unterscheidet einen echten Filter von einer bloßen Heuristik zur Abschätzung der Editierdistanz?,"Ein Filter darf per Definition nie einen echten Treffer verwerfen (keine falschen Negativen). Eine Heuristik (wie BLAST) liegt zwar meist nahe am wahren Ergebnis, garantiert aber nicht, dass kein echter Treffer übersehen wird."
"Was ist der Unterschied zwischen den Begriffen ""q-Gramm"" und ""\(k\)-mer""?","Inhaltlich keiner - es sind äquivalente Begriffe für kurze (Teil-)Strings einer bestimmten Länge. ""q-Gramm"" stammt aus der Informatik-Literatur, ""\(k\)-mer"" aus der biologischen/bioinformatischen Literatur."
Wie viele \(k\)-mere hat eine Sequenz der Länge \(n\)?,\(n-k+1\).
"Wie ist der De-Bruijn-Subgraph \(DBG(s,k)=(V,E)\) für eine Sequenz \(s\) definiert?",Die Knotenmenge \(V\) entspricht den verschiedenen \(k\)-meren von \(s\). Für jedes \((k+1)\)-mer \(s[i\dots i+k]=aub\) von \(s\) (mit \(|u|=k-1\)) gibt es eine gerichtete Kante von Knoten \(au\) zu Knoten \(ub\).
"Was ist die Dimension eines De-Bruijn-Subgraphen \(DBG(s,k)\)?","Die positive ganze Zahl \(k\le|s|\), die die Länge der als Knoten verwendeten \(k\)-mere angibt."
Warum ist der De-Bruijn-Subgraph ein Multigraph?,"Kommt dasselbe \((k+1)\)-mer mehrfach (sagen wir \(m\)-mal) in \(s\) vor, entstehen \(m\) parallele Kanten zwischen denselben beiden Knoten."
Existiert in jedem De-Bruijn-Subgraphen ein Eulerpfad?,"Ja: Für jeden De-Bruijn-Subgraphen existiert immer mindestens ein Eulerpfad - er entspricht direkt der Knotenfolge \(s_{k,1},s_{k,2},\dots,s_{k,|s|-k+1}\) der ursprünglichen Sequenz."
Was motiviert die Frage nach Sequenzen mit gleichem \((k+1)\)-mer-Profil?,"Die \(q\)-Gramm-Distanz erfüllt nicht die Identitätseigenschaft einer Metrik, da es verschiedene Sequenzen mit demselben \(q\)-Gramm-Profil geben kann. Man möchte verstehen, für welche \(s\) und \(k\) solche ""Kollisionen"" auftreten und wie viele es gibt."
Warum ist der Fall \(k=0\) (Frage nach Sequenzen mit gleichem 1-mer-Profil) trivial?,Jede Permutation der Symbole von \(s\) liefert eine von \(s\) verschiedene Sequenz \(t\) mit demselben 1-mer-Profil (denselben Buchstabenhäufigkeiten).
"Welche Grapheneigenschaften hat \(DBG(s,k)\), die die Existenz von Eulerpfaden garantieren?","\(DBG(s,k)\) ist zusammenhängend und balanciert - die klassischen Voraussetzungen für die Existenz eines Eulerpfads."
"In welcher Beziehung stehen die Eulerpfade in \(DBG(s,k)\) und die Sequenzen mit demselben \((k+1)\)-mer-Profil wie \(s\)?","Es besteht eine Eins-zu-eins-Korrespondenz: Jeder Eulerpfad in \(DBG(s,k)\) entspricht genau einer Sequenz mit demselben \((k+1)\)-mer-Profil wie \(s\), und umgekehrt."
"Ist das Vorhandensein eines Kreises in \(DBG(s,k)\) hinreichend dafür, dass es eine andere Sequenz mit demselben \((k+1)\)-mer-Profil gibt?","Nein, nur notwendig, nicht hinreichend: \(DBG(s,k)\) kann einen oder mehrere Kreise enthalten und trotzdem nur einen einzigen Eulerpfad besitzen."
"Warum führt ein Kreis in \(DBG(s,k)\) nicht automatisch zu mehreren unterscheidbaren Eulerpfaden?","Weil ein Pfad durch seine Knotenfolge definiert ist, nicht durch die Reihenfolge der Kanten. Durchläuft man einen Kreis in unterschiedlicher Kantenreihenfolge, die resultierende Knotenfolge aber ist dieselbe, entsteht dieselbe (und damit keine neue) Sequenz."
Wie lautet der Satz über die Anzahl der Sequenzen mit gleichem \((k+1)\)-mer-Profil wie \(s\)?,"Diese Anzahl entspricht genau der Anzahl der verschiedenen Eulerpfade in \(DBG(s,k)\). Ist \(DBG(s,k)\) azyklisch, gibt es genau einen Eulerpfad, und es existiert keine von \(s\) verschiedene Sequenz mit demselben \((k+1)\)-mer-Profil."
"Welche Konvention gilt hier für Knoten und Kanten eines De-Bruijn-Subgraphen, und warum ist Vorsicht geboten?","Knoten \(=k\)-mere, Kanten \(=(k+1)\)-mere. Andere Bücher setzen dagegen Knoten \(=(k-1)\)-mere, Kanten \(=k\)-mere - man muss also immer die jeweils verwendete Konvention prüfen."
Als was muss man die Kanten eines De-Bruijn-(Sub-)Graphen aus Sicht von Eulerpfaden bzw Assembly auffassen?,Als Multiset - mehrfaches Vorkommen einer Kante (bzw eines \((k+1)\)-mers) zählt und muss auch mehrfach durchlaufen werden.
"Warum ist bei der Bezeichnung ""de Bruijn graph"" in der Literatur Vorsicht geboten?","Der Begriff wird nicht einheitlich verwendet: Oft meint man eigentlich einen De-Bruijn-Subgraphen (für eine gegebene Sequenz), nennt ihn aber verkürzt ""de Bruijn graph""."
Wie ist der originale De-Bruijn-Graph der Dimension \(k\) über einem Alphabet \(\Sigma\) der Größe \(\sigma\) definiert?,"Der Graph mit genau einem Knoten für jedes mögliche \(k\)-mer (also \(\sigma^k\) Knoten) und einer gerichteten Kante für jeden Überlapp der Länge \(k-1\) (also \(\sigma^{k+1}\) Kanten) - er enthält ALLE möglichen \(k\)-mere, nicht nur die einer bestimmten Sequenz."
Worin unterscheidet sich der originale De-Bruijn-Graph vom De-Bruijn-Subgraphen einer Sequenz \(s\)?,"Der originale De-Bruijn-Graph enthält Knoten und Kanten für ALLE möglichen \(k\)-mere bzw \((k+1)\)-mere über \(\Sigma\), unabhängig von einer konkreten Sequenz. Der De-Bruijn-Subgraph \(DBG(s,k)\) enthält dagegen nur die tatsächlich in \(s\) vorkommenden Knoten/Kanten - er ist ein (i.\,d.\,R echter) Teilgraph des originalen De-Bruijn-Graphen."
"Was ist ein bidirektionaler De-Bruijn-Subgraph, und wodurch ist er motiviert?","Ein De-Bruijn-Subgraph, bei dem jedes \(k\)-mer mit seinem Reverse-Komplement identifiziert wird (beide werden durch denselben Knoten repräsentiert). Motivation: Bei DNA-Sequenzierung ist oft nicht bekannt, von welchem Strang der Doppelhelix ein Read stammt."
"Was ist ein kompaktierter De-Bruijn-Subgraph, und was ist ein Unitig?","Er entsteht, indem nicht verzweigende Pfade (Knotenfolgen mit jeweils genau einem Vorgänger und Nachfolger) zu einem einzelnen Knoten zusammengefasst werden. Dieser zusammengefasste Knoten, der ein längeres Teilstück der Sequenz repräsentiert, heißt Unitig."
Welchen Vorteil bietet die Kompaktierung eines De-Bruijn-Subgraphen zu Unitigs?,"Sie reduziert den Speicherbedarf und oft auch die Laufzeit nachfolgender Algorithmen, ohne die wesentliche Struktur des Graphen zu verlieren."
Was ist ein gefärbter (colored) De-Bruijn-Subgraph?,"Ein De-Bruijn-Subgraph, bei dem die Eingabesequenzen in Gruppen (z.\,B verschiedene Genome) unterteilt sind; jeder Gruppe wird eine Farbe zugewiesen, und jeder Knoten (\(k\)-mer) erhält die Menge aller Farben der Gruppen, in denen er vorkommt."
Was ist die zentrale Herausforderung bei der speichereffizienten Implementierung gefärbter De-Bruijn-Subgraphen?,"Nicht mehr die Speicherung der \(k\)-mere selbst (begrenzt durch \(\sigma^k\)), sondern die Speicherung der Farbinformationen - diese können bei großen Pangenomen mehrere tausend Bits pro \(k\)-mer belegen."
"Wie viele Bits benötigt man, um ein DNA-\(k\)-mer zu kodieren, und wie ändert sich das bei gefärbten Graphen?","\(k\cdot 2\) Bits (da \(\log_2(4)=2\) Bits pro Buchstabe genügen). Bei gefärbten Graphen kommen zusätzlich Bits für die Farbinformation hinzu, insgesamt also \(k\cdot2 + \#\text{Datensätze}\) Bits."
"Welche Beobachtung erlaubt es, beim De-Bruijn-Subgraphen auf die explizite Speicherung der Kanten zu verzichten?","Hat man einen schnellen Test, ob ein bestimmtes \(k\)-mer im Graphen als Knoten vorhanden ist, so kann man beim Übergang von \(au\) zu \(ub\) einfach testen, ob \(ub\) ein Knoten ist - ist der Test erfolgreich, existiert die Kante implizit, sonst nicht."
"Wie findet man alle möglichen Nachfolger eines Knotens \(au\), ohne die Kanten explizit zu speichern?","Man führt \(\sigma\) Tests durch, einen für jedes mögliche letzte Zeichen \(c\) des neuen, überlappenden \(k\)-mers \(uc\) - bei kleinen Alphabeten (wie DNA) ist das wenig Aufwand."
Was ist die Grundidee eines Bloom-Filters?,"Ein großes Bit-Array \(B\) der Länge \(m\) (alle Bits zunächst \(F\)) zusammen mit \(h\) verschiedenen Hashfunktionen \(f_1,\dots,f_h\), die \(k\)-mere (bzw deren Ränge) auf Positionen in \([0,m-1]\) abbilden. Zum Speichern eines \(k\)-mers werden alle \(h\) zugehörigen Bits auf \(T\) gesetzt."
Wie speichert man ein \(k\)-mer mit Rang \(r\) in einem Bloom-Filter?,\(B[f_1(r)] = B[f_2(r)] = \dots = B[f_h(r)] = T\).
"Wie testet man, ob ein \(k\)-mer mit Rang \(r\) ""wahrscheinlich"" im Bloom-Filter enthalten ist?","\(\text{probably-contains}(B,r) = B[f_1(r)] \land B[f_2(r)] \land \dots \land B[f_h(r)]\) - nur wenn ALLE zugehörigen Bits gesetzt sind, gilt der Test als (wahrscheinlich) positiv."
Wie könnte eine einfache Hashfunktion für einen Bloom-Filter aussehen?,"\(f_i(r) = (r^{i+1} \gg k) \bmod m\), wobei \(\gg k\) eine \(k\)-fache Bit-Verschiebung nach rechts bezeichnet."
Wann meldet ein Bloom-Filter ein \(k\)-mer fälschlicherweise als enthalten (False Positive)?,"Nur wenn für JEDEN der \(h\) Hashwerte ein jeweils anderes, tatsächlich gespeichertes \(k\)-mer mit irgendeiner Hashfunktion denselben Wert erzeugt und damit das entsprechende Bit bereits auf \(T\) gesetzt hat - alle \(h\) Positionen müssten also durch andere Elemente belegt sein."
"Warum heißt die Testfunktion eines Bloom-Filters ""probably-contains"" und nicht einfach ""contains""?","Weil False Positives möglich (wenn auch bei moderater Füllung unwahrscheinlich) sind: Der Test kann fälschlich ""enthalten"" melden, obwohl das Element nie gespeichert wurde. Ein tatsächlich gespeichertes Element wird dagegen nie fälschlich als ""nicht enthalten"" gemeldet (keine False Negatives)."
Kann man einen Bloom-Filter in bestimmten Anwendungen exakt machen?,"Ja: Mit zusätzlichen Techniken zur gezielten Behandlung von False Positives lässt sich in manchen Anwendungen erreichen, dass diese das Ergebnis nicht verfälschen - der Bloom-Filter wird dann effektiv exakt."
"Welche Modifikation der semi-globalen Alignment-Berechnung erlaubt es, alle Vorkommen mit höchstens einer bestimmten Kostenschranke zu finden, statt nur das beste?","Man besucht alle Vorgänger der Endzelle \(v_E\) (bzw bei kostenbasierter Formulierung alle Zellen der letzten Zeile) und prüft, welche der zugehörigen Lösungen das vorgegebene Kriterium erfüllen, statt nur die insgesamt beste Lösung zu extrahieren."
Welche Annahmen werden an die Kostenfunktion für das kostenbasierte Approximate-String-Matching gemacht?,"\(cost(\binom{a}{a})=0\) (Match kostenlos), \(cost(\binom{a}{b})>0\) für \(a\neq b\) (Mismatch kostet etwas), und alle Indels haben dieselben Kosten \(\gamma>0\)."
Wie lässt sich das Approximate-String-Matching-Problem charakterisieren?,"Gegeben ein (kurzes) Muster \(x\), ein (langer) Text \(y\), eine Kostenfunktion und ein Schwellenwert \(k\): Finde alle Endpositionen \(j\) in \(y\), für die ein Teilstring \(y'\) von \(y\) endend bei \(j\) existiert mit \(d(x,y')\le k\)."
"Warum genügt es, nur die Endpositionen \(j\) der Treffer zu bestimmen, statt auch die Startpositionen mitzuberechnen?",Weil sich der gesamte Teilstring und seine Startposition durch Backtracing aus der Endposition rekonstruieren lassen.
Worin unterscheidet sich Sellers' Algorithmus konzeptionell vom Universal-Alignment-Algorithmus für semi-globales Alignment?,"Er ist im Prinzip identisch, betrachtet aber nicht nur die Endzelle \(v_E\) zur Bestimmung des besten Treffers, sondern alle Zellen der letzten Zeile, um ALLE Treffer mit \(D(m,j)\le k\) zu identifizieren."
Wie funktioniert Sellers' Algorithmus auf einer hohen Abstraktionsebene?,"Er transformiert iterativ die vorherige Spalte \(C_{j-1}\) der Editiermatrix in die aktuelle Spalte \(C_j\), basierend auf dem Textzeichen \(y[j]\), beginnend mit \(C_0\), für \(j=1,\dots,n\)."
"Welchen Speicherplatzbedarf hat Sellers' Algorithmus, und warum?","\(O(m)\) (mit \(m\) der Musterlänge), da nur die aktuelle und die vorherige Spalte gespeichert werden müssen - Backpointer und die gesamte Editiermatrix \(D\) werden nicht benötigt, weil nur Endpositionen und Kosten berichtet werden."
"Welches Redundanzproblem tritt bei Sellers' Algorithmus bei einem sehr guten Treffer auf, und wie geht man damit um?","Liegt an Position \(j\) ein Treffer mit Kosten \(<k\) vor, matchen meist auch benachbarte Positionen mit Kosten \(\le k\) - der Algorithmus meldet dann viele redundante, benachbarte Treffer. In der Nachbearbeitung sucht man daher meist nur nach Läufen (Runs) lokaler Minima und berichtet das Intervall zusammen mit dem minimalen Kostenwert."
"Wie ist der ""last essential index"" \(i^*\) (bzw \(lei_j\)) einer Spalte \(C_j\) definiert?","\(lei_j := \max\{i \mid C_j(i) \le k\}\) - der größte Zeilenindex, an dem der Kostenwert der Spalte die Schwelle \(k\) noch nicht überschreitet."
Welche Grundidee ermöglicht die Beschleunigung von Sellers' Algorithmus durch Ukkonens Cutoff?,"Weiß man, dass alle Werte einer Spalte unterhalb des ""last essential index"" den Schwellenwert \(k\) überschreiten, muss man diese Zellen gar nicht erst berechnen (man kann sie gedanklich als \(\infty\) bzw \(k+1\) annehmen), ohne dabei \(k\)-approximative Treffer zu verpassen."
"Warum ist der ""last essential index"" der 0-ten Spalte \(C_0\) leicht zu bestimmen?",Weil die Kostenwerte in \(C_0\) monoton von \(0\) bis \(m\cdot\gamma\) ansteigen.
Sind die Kostenwerte in den übrigen Spalten \(C_j\) (\(j\ge1\)) ebenfalls monoton in \(i\)?,"Nein, im Allgemeinen nicht - nur die 0-te Spalte ist garantiert monoton."
"Warum können die Werte von \(C_{j-1}\) unterhalb ihres ""last essential index"" bei der Berechnung von \(C_j\) vernachlässigt werden?","Da \(C_{j-1}(i)>k\) für alle \(i>lei_{j-1}\) und alle Kosten nichtnegativ sind, liefern diese Zellen nur Kandidatenwerte \(>k\) für \(C_j(i)\) mit \(i>lei_{j-1}+1\). Die einzige Möglichkeit, dass \(C_j(i)\) trotzdem \(\le k\) bleibt, ist der rein vertikale Übergang \(C_j(i)=C_j(i-1)+\gamma\)."
Wie lautet die Rekursionsformel zur Berechnung von \(C_j(i)\) in Ukkonens Algorithmus im regulären Bereich?,"\(C_j(i) = \min\{C_{j-1}(i-1)+cost(x[i],y[j]),\ C_{j-1}(i)+\gamma,\ C_j(i-1)+\gamma\}\) - die Standard-Editierdistanz-Rekursion (Diagonale, oben, links)."
Warum wird bei Ukkonens Algorithmus an der Stelle \(i=lei_{j-1}+1\) eine Rekursion mit nur zwei statt drei Termen verwendet?,"Weil \(C_{j-1}(i)\) an dieser Stelle nicht berechnet wurde (es lag unterhalb des vorherigen last essential index und wurde deshalb ausgelassen) - daher entfällt der Term \(C_{j-1}(i)+\gamma\), und man verwendet nur die Diagonale und den vertikalen Übergang."
Wodurch ergibt sich der Laufzeitgewinn von Ukkonens Cutoff-Algorithmus gegenüber Sellers' Algorithmus?,"Pro Spalte müssen nur die Zellen bis zum ""last essential index"" der Vorgängerspalte (plus ggf wenige zusätzliche Zellen durch den vertikalen Übergang) berechnet werden, statt aller \(m\) Zellen."
"Warum ist eine naive, rein links-nach-rechts oder rechts-nach-links organisierte Backtracking-Suche mit einem Textindex für approximatives Matching ineffizient?","Weil bereits bei kleinem Fehlerschwellenwert \(k\) sehr viele Teilzweige der Suche erkundet werden müssen, wenn man die Fehler nur strikt in einer festen Richtung verteilen kann - das führt schnell zu einem kombinatorisch explodierenden Suchraum."
Was ist die Grundidee von Search Schemes für approximatives Pattern-Matching mit einem Textindex?,"Das Muster \(x\) wird in mehrere nicht überlappende Teile \(x_1,\dots,x_p\) zerlegt, und mehrere Suchen mit unterschiedlicher Reihenfolge und unterschiedlichen Fehler-Ober-/Untergrenzen pro Teil werden durchgeführt, um den Suchraum gezielter einzugrenzen."
Wie ist eine einzelne Suche \(S\) innerhalb eines Search Schemes formal definiert?,"Als Tripel \(S=(\pi,L,U)\): \(\pi\) ist eine Permutation von \(\{1,\dots,p\}\), die die Reihenfolge angibt, in der die Musterteile abgeglichen werden; \(L[i]\) und \(U[i]\) sind untere bzw obere Schranken für die Anzahl erlaubter Fehler, nachdem die ersten \(i\) Teile (in der durch \(\pi\) vorgegebenen Reihenfolge) abgeglichen wurden."
Auf welchem einfachen kombinatorischen Prinzip beruht das Pigeonhole-Search-Scheme?,"Zerlegt man das Muster bei Fehlerschwelle \(k\) in \(p=k+1\) Teile, so muss (nach dem Schubfachprinzip) bei höchstens \(k\) Fehlern im Gesamtmuster mindestens einer der \(k+1\) Teile exakt (fehlerfrei) im Text vorkommen."
Wie läuft eine einzelne Suche \(S_i\) im Pigeonhole-Search-Scheme ab?,"Zunächst wird Musterteil \(x_i\) exakt gematcht, anschließend erfolgt eine Backtracking-Suche nach links (über \(x_{i-1},\dots,x_1\)) und schließlich nach rechts (über \(x_{i+1},\dots,x_{k+1}\)), jeweils mit insgesamt höchstens \(k\) Fehlern."
"Welches Problem kann beim Pigeonhole-Search-Scheme auftreten, und wie geht man damit um?","Es können redundante Ergebnisse entstehen, z.\,B wenn mehr als ein Musterteil fehlerfrei in einem Treffer vorkommt (mehrere Suchen \(S_i\) finden dann denselben Treffer). Diese Redundanz muss in einem Nachbearbeitungsschritt herausgefiltert werden."
Worin liegt der Effizienzvorteil des MinU-Search-Schemes gegenüber dem Pigeonhole-Scheme?,"Die Fehlerbereiche \((L[i],U[i])\) wachsen beim MinU-Scheme langsamer (enger) als beim Pigeonhole-Scheme, wodurch der durchsuchte Raum kleiner und die Suche effizienter wird."
"Wann heißt ein Search Scheme ""lossless"" (verlustfrei)?","Wenn garantiert kein approximativer Treffer mit bis zu \(k\) Fehlern übersehen wird - formal, wenn alle möglichen Fehlerkonfigurationen \((e_1,\dots,e_p)\) mit \(\sum_i e_i \le k\) (wobei \(e_i\) die Fehleranzahl in Teil \(x_i\) ist) durch das Schema abgedeckt werden."
Ist das MinU-Scheme nachweislich lossless?,"Ja, dies wurde für das MinU-Scheme gezeigt (Beweis hier nicht im Detail behandelt)."
"Was sind bidirektionale Textindizes, und wozu werden sie im Zusammenhang mit Search Schemes benötigt?","Textindizes, die einen partiellen Match flexibel sowohl nach links als auch nach rechts erweitern können. Sie werden benötigt, weil Search Schemes je nach Suche \(S_i\) und Permutation \(\pi\) in beide Richtungen erweitern müssen, was mit einem rein links-nach-rechts (Suffixbaum) oder rechts-nach-links (BWT) organisierten Index nicht möglich ist."
Welche Beispiele für bidirektionale Textindizes werden genannt?,"Affix-Bäume, Affix-Arrays, die bidirektionale BWT, der bidirektionale Wavelet-Index, der br-Index und der bidirektionale Move-Index."
"Warum reicht die Unit-Cost-Editierdistanz oft nicht aus, um biologische Sequenzen sinnvoll zu vergleichen?",Sie zählt nur bestimmte Unterschiede zwischen Strings ohne inhärente biologische Bedeutung - für DNA- oder Proteinvergleiche sind biologisch aussagekräftigere Kostenfunktionen nötig.
"Wie ist die Transversion/Transition-Kostenfunktion auf dem DNA-Alphabet definiert, und welche biologische Beobachtung spiegelt sie wider?","Ersetzungen zwischen zwei Purinen (A,G) oder zwei Pyrimidinen (C,T) - Transitionen - kosten \(1\); Ersetzungen zwischen einem Purin und einem Pyrimidin - Transversionen - kosten \(2\) (oft mit Indel-Kosten \(3\)). Das spiegelt wider, dass Transitionen in der Evolution wahrscheinlicher sind als Transversionen."
"Welche DNA-Basen sind Purine, welche sind Pyrimidine?",Purine: A und G. Pyrimidine: C und T.
Wie lässt sich eine einfache Kostenfunktion für den Austausch von Aminosäuren aus der DNA-Ebene ableiten?,"Man zählt, wie viele DNA-Basen in einem Codon minimal geändert werden müssen, um eine Aminosäure in eine andere umzuwandeln."
"Welche drei Bedingungen muss eine ""sensible score function"" für Alignment-Spalten erfüllen?","(1) \(\mathrm{score}(\tbinom aa)\ge0\ge\mathrm{score}(\tbinom a-)=\mathrm{score}(\tbinom -a)\) für alle \(a\); (2) \(\mathrm{score}(\tbinom aa)\ge\mathrm{score}(\tbinom ac)=\mathrm{score}(\tbinom ca)\) für alle \(a,c\); (3) \(\mathrm{score}(\tbinom ac)\ge\mathrm{score}(\tbinom a-)+\mathrm{score}(\tbinom -c)\) für alle \(a,c\)."
Was besagen die ersten beiden Bedingungen einer sensiblen Score-Funktion anschaulich?,Sie fordern Symmetrie und dass die Ähnlichkeit eines Zeichens mit sich selbst stets mindestens so hoch bewertet wird wie mit einem anderen Zeichen; insbesondere erhalten Indels nie einen positiven Score.
Was besagt die dritte Bedingung einer sensiblen Score-Funktion anschaulich?,Dass eine direkte Substitution stets mindestens so gut bewertet wird wie eine Deletion gefolgt von einer Insertion - ein direkter Austausch ist gegenüber dem Umweg über zwei Indels nicht schlechter.
Welche Einschränkung hat ein Distanzmodell im Vergleich zu einem allgemeinen Similarity-Score bezüglich der Bewertung von Matches?,"Im Distanzmodell hat ein Match stets Kosten \(0\), unabhängig davon, um welches Zeichen es sich handelt - alle Matches werden also gleich bewertet, was die Flexibilität einschränkt."
"Worin unterscheidet sich ein ""general similarity score"" von einem Distanzmodell, und wann ist das nützlich?","Bei einem Similarity Score werden Matches positiv, Mismatches und Indels negativ bewertet (statt wie im Distanzmodell ein Match stets mit Kosten \(0\)). Das ist besonders beim lokalen Alignment nützlich, wo Distanzfunktionen ungeeignet sind."
Welche evolutionäre Grundbeobachtung motiviert die Konstruktion von Ähnlichkeits-Scores für Aminosäuren?,"Über evolutionäre Zeitskalen werden in funktionalen Proteinen ähnliche Aminosäuren häufiger gegeneinander ausgetauscht als unähnliche - man kann Ähnlichkeit also daran ablesen, wie oft eine Aminosäure durch eine andere ersetzt wird."
Was ist der Frequency Vector \(\pi\) der Aminosäuren?,"Ein Vektor \(\pi=(\pi_a)_{a\in\Sigma}\) mit \(\pi_a\ge0\) und \(\sum_a\pi_a=1\), der die natürlichen Häufigkeiten der Aminosäuren angibt. Für zwei zufällige Positionen in zwei zufälligen Proteinen ist die Wahrscheinlichkeit des Paares \((a,b)\) dann \(\pi_a\cdot\pi_b\)."
"Was sind die ""background frequencies"", und wie lassen sie sich aus \(M_t\) gewinnen?","Die Einträge \(\pi_a\) des Frequency Vectors. Sie ergeben sich als Randverteilungen (Marginale) von \(M_t\): \(\pi_a=\sum_b M_t(a,b)\) (und wegen Symmetrie ebenso für \(\pi_b\))."
"Was beschreibt die Häufigkeitstabelle \(M_t(a,b)\)?","Die beobachtete relative Häufigkeit homologer Aminosäurepaare, bei denen zu Beginn eines Evolutionszeitraums \(t\) die Aminosäure \(a\) und am Ende \(b\) vorlag, mit \(\sum_{a,b} M_t(a,b)=1\)."
"Warum wird \(M_t\) als symmetrisch angenommen (\(M_t(a,b)=M_t(b,a)\)), obwohl Evolution gerichtet abläuft?","Weil man den tatsächlichen evolutionären Verlauf einzelner Aminosäuren nicht direkt verfolgen kann - man beobachtet nur zwei heutige Sequenzen, ohne deren jüngsten gemeinsamen Vorfahren zu kennen. Substitutionen und Identitäten werden daher in beide Richtungen gezählt."
"Wie ist die Likelihood Ratio definiert, und wie interpretiert man ihren Wert?","\(M_t(a,b)/(\pi_a\cdot\pi_b)\) - sie setzt die Wahrscheinlichkeit des Paares \((a,b)\) im Evolutionsmodell zur Wahrscheinlichkeit im Zufallsmodell ins Verhältnis. Werte \(>1\) bedeuten Ähnlichkeit, Werte \(<1\) Unähnlichkeit von \(a\) und \(b\)."
"Warum betrachtet man das Verhältnis \(M_t(a,b)/(\pi_a\pi_b)\), statt \(M_t(a,b)\) direkt als Ähnlichkeitsmaß zu verwenden?","Ein großer Wert \(M_t(a,b)\) kann entweder daran liegen, dass \(a\) und \(b\) sich ähnlich sind, oder einfach daran, dass \(a\) bzw \(b\) generell häufige Aminosäuren sind. Das Teilen durch \(\pi_a\cdot\pi_b\) entfernt diesen zweiten (Häufigkeits-)Effekt."
Wie ist die Log-Odds Score-Matrix bezüglich eines Zeitraums \(t\) definiert?,"\(\mathrm{score}_t(a,b) := \log\left(\dfrac{M_t(a,b)}{\pi_a\cdot\pi_b}\right)\) - der Logarithmus der Likelihood Ratio."
"Warum wird bei der Log-Odds Score-Matrix der Logarithmus der Likelihood Ratio verwendet, statt die Ratio direkt zu nutzen?","Um eine additive Funktion zu erhalten: Der Score eines gesamten Alignments soll sich als Summe der Spalten-Scores ergeben - das gilt für die (multiplikativen) Wahrscheinlichkeits-Verhältnisse selbst nicht, wohl aber nach dem Logarithmieren."
Wie sollte der Zeitparameter \(t\) einer Log-Odds Score-Matrix gewählt werden?,"So, dass er zur erwarteten evolutionären Distanz der zu vergleichenden Sequenzen passt - z.\,B sollte für Sequenzen mit gemeinsamem Vorfahren vor \(530\) Millionen Jahren idealerweise eine Matrix mit \(t\approx1060\) Millionen Jahren (Summe beider Zweige zum Vorfahren) verwendet werden."
"Was bedeuten die Score-Einheiten ""bit"" und ""third-bit""?","Ein Score ist in ""bits"" angegeben, wenn er über \(\log_2(\cdot)\) gebildet wurde. Wird er zusätzlich mit dem Faktor \(3\) multipliziert (und gerundet), spricht man von ""third-bits"" - diese Skalierung liefert bequemere, ganzzahlige Scores."
"Welche zwei wichtigen Score-Matrix-Familien für Proteine werden genannt, und was unterscheidet ihre Parameter?","PAM(\(t\)) (Dayhoff et al., 1978) und BLOSUM(\(s\)) (Henikoff und Henikoff, 1992). \(t\) ist ein Divergenzzeit-Parameter, \(s\) ein (invers zu \(t\) korrelierter) Clustering-Ähnlichkeitsparameter. BLOSUM-Matrizen sind für Proteinvergleiche am weitesten verbreitet."
"Wann kann es sinnvoll sein, eine nicht-symmetrische Score-Matrix zu verwenden, obwohl \(M_t\) selbst symmetrisch ist?","Wenn Anfrage- und Datenbanksequenzen aus unterschiedlichen biologischen Kontexten mit unterschiedlichen Hintergrundhäufigkeiten stammen - z.\,B eine transmembrane Helix (hydrophob geprägte Verteilung \(\tau\)) gegen eine Datenbank ""durchschnittlicher"" Proteine (Hintergrundverteilung \(\pi\))."
"Wie verändert sich die Formel der Log-Odds Score-Matrix, wenn Anfrage- und Datenbank-Hintergrundhäufigkeiten unterschiedlich sind?","\(\mathrm{score}_t(a,b) := \log\left(\dfrac{M_t(a,b)}{\tau_a\cdot\pi_b}\right)\), wobei \(\tau\) die Hintergrundhäufigkeiten der Anfragesequenz und \(\pi\) die der Datenbank sind - dadurch gilt i.\,A \(\mathrm{score}(a,b)\neq\mathrm{score}(b,a)\)."
Was ist die Grundidee positionsspezifischer Scores?,"Der Match/Mismatch-Score muss nicht nur von den verglichenen Zeichen abhängen, sondern kann auch direkt von der Position abhängen: Man ersetzt \(\mathrm{score}(x[i],y[j])\) durch eine allgemeinere Funktion \(\mathrm{score}(i,j)\), ohne dass sich der Alignment-Algorithmus selbst ändert."
Wie funktioniert das bipartite Scoring-Schema zur Erkennung entfernt verwandter Transmembranproteine?,"Je nachdem, ob eine Position \(i\) der Anfragesequenz in einer Transmembranhelix liegt oder nicht, wird eine andere Scoring-Matrix verwendet: eine transmembran-spezifische (nicht-symmetrische) Matrix wie SLIM für TM-Helix-Positionen, und eine allgemeine Matrix wie BLOSUM für die übrigen Positionen."
"Wie lautet das ""Advanced Alignment Problem"", das die Forward-Backward-Technik motiviert?","Gegeben zwei Sequenzen \(x,y\) der Längen \(m,n\): Finde das optimale globale Alignment unter der Bedingung, dass der Alignment-Pfad durch eine vorgegebene Zelle \((i_0,j_0)\) der Alignment-Matrix verläuft."
Wie lässt sich das Advanced Alignment Problem in zwei Standardprobleme zerlegen?,In die Ausrichtung der Präfixe \(x[1\dots i_0]\) und \(y[1\dots j_0]\) sowie die Ausrichtung der Suffixe \(x[i_0+1\dots m]\) und \(y[j_0+1\dots n]\) - beides gewöhnliche globale Alignment-Probleme.
Wie ist die reverse Alignment-Matrix \(D^{\mathrm{rev}}\) definiert?,"Man vertauscht Start- und Endzelle und kehrt die Berechnungsrichtung um - effektiv richtet man die umgekehrten (reversed) Sequenzen global aus. \(D^{\mathrm{rev}}(i,j)\) speichert damit die bestmöglichen Kosten für die Suffix-Alignments."
"Wie ist die Total-Cost-Matrix \(T(i,j)\) definiert?","\(T(i,j) = \min\{\mathrm{cost}(A{+}{+}B)\}\), wobei \(A\) ein Alignment der Präfixe \(x[1\dots i]\), \(y[1\dots j]\) und \(B\) ein Alignment der Suffixe \(x[i{+}1\dots m]\), \(y[j{+}1\dots n]\) ist, ""\(+{+}\)"" die Konkatenation von Alignments bezeichnet - also die minimalen Gesamtkosten aller Alignment-Pfade, die durch \((i,j)\) verlaufen."
"Was gibt \(T(i,j)\) anschaulich an?","Die minimal erreichbaren Gesamtkosten eines globalen Alignments von \(x\) und \(y\), wenn man sich dazu zwingt, den Alignment-Pfad durch die Zelle \((i,j)\) zu führen."
"Welchen speziellen Wert hat \(T(0,0)\) bzw \(T(m,n)\), und welche Ungleichung gilt allgemein für \(T(i,j)\)?","\(T(0,0)=T(m,n)=d(x,y)\), die optimale globale Alignment-Distanz (jeder Pfad, insbesondere die optimalen, verläuft durch \((0,0)\) und \((m,n)\)). Allgemein gilt \(T(i,j)\ge d(x,y)\) für alle \((i,j)\)."
"Wie berechnet sich die Total-Cost-Matrix \(T(i,j)\) im Fall additiver Alignment-Kosten?","\(T(i,j) = D(i,j) + D^{\mathrm{rev}}(i,j)\)."
"In welcher Zeit lassen sich \(D\), \(D^{\mathrm{rev}}\) und damit \(T\) berechnen?",In \(O(mn)\) Zeit.
"Warum ist die Berechnung der Total-Cost-Matrix bei affinen Gap-Kosten komplizierter als bei additiven Kosten, und wie löst man das?","Bei affinen Gap-Kosten ist die Kostenkonkatenation nicht einfach additiv, da beim Verschmelzen zweier Gaps an der Schnittstelle die Gap-Eröffnungsstrafe nicht doppelt gezählt werden darf. Lösung mit den Gotoh-Historienmatrizen \(V,H\) (und ihren reversen Gegenstücken): \(T(i,j) = \min\{D(i,j){+}D^{\mathrm{rev}}(i,j),\ V(i,j){+}V^{\mathrm{rev}}(i,j){-}d{+}e,\ H(i,j){+}H^{\mathrm{rev}}(i,j){-}d{+}e\}\), mit Gap-Öffnungskosten \(d\) und Gap-Verlängerungskosten \(e\)."
"Wie ist die Additional-Cost-Matrix \(C(i,j)\) definiert, und was bedeutet ihr Wert?","\(C(i,j) = T(i,j) - d(x,y)\) - die ""Mehrkosten"" dafür, den Alignment-Pfad durch \((i,j)\) zu führen, verglichen mit dem Verbleiben auf einem optimalen Pfad. \(C(i,j)=0\) genau dann, wenn \((i,j)\) auf dem Pfad eines optimalen Alignments liegt, sonst ist der Wert positiv."
"Wie berechnet sich \(C(i,j)\) im additiven Kostenfall, ausgedrückt durch \(D\) und \(D^{\mathrm{rev}}\)?","\(C(i,j) = D(i,j) + D^{\mathrm{rev}}(i,j) - d(x,y)\)."
In welcher Zeit lässt sich die Additional-Cost-Matrix \(C\) berechnen?,"Ebenfalls in \(O(mn)\) Zeit, da sowohl \(T\) als auch \(d(x,y)\) bereits in \(O(mn)\) Zeit vorliegen."
"In welchen vier Anwendungen wird die Forward-Backward-Technik u.\,a eingesetzt?","(1) Alignment im linearen Speicherplatz (Hirschberg-Technik), (2) Auffinden von Regionen leicht suboptimaler Alignments, (3) Berechnung der Regionen für die Carrillo-Lipman-Heuristik beim multiplen Sequenzalignment, (4) Finden von Schnittpunkten für Divide-and-Conquer-Alignment."
Was ist der eigentliche praktische Flaschenhals bei der Berechnung optimaler Alignments - Zeit oder Speicherplatz?,"Der Speicherplatzbedarf von \(O(mn)\), nicht die Laufzeit: Für zwei Bakteriengenome mit je 5 Millionen Basen bräuchte die Traceback-Matrix bereits \(25\cdot10^{12}\) Einträge (25 Terabyte)."
"Warum lässt sich der reine Alignment-Score bereits in \(O(m+n)\) Speicherplatz berechnen, während für das vollständige Alignment mehr Platz nötig ist?","Für den Score genügt es, jeweils zwei benachbarte Zeilen/Spalten der Editiermatrix zu speichern. Für die Rekonstruktion eines konkreten optimalen Alignments (Backtracing) wird dagegen die vollständige Matrix bzw Backtracing-Matrix benötigt."
Was ist die Grundidee von Hirschbergs Divide-and-Conquer-Algorithmus für Alignment im linearen Speicherplatz?,"Die Alignment-Matrix wird an ihrer mittleren Zeile \(m'=\lceil m/2\rceil\) in eine obere und eine untere Hälfte geteilt, wobei die Schnittposition so gewählt wird, dass ein optimales Alignment der Präfixe, verkettet mit einem optimalen Alignment der Suffixe, ein optimales Gesamt-Alignment ergibt."
Wie wird die Schnittspalte \(n'\) in Zeile \(m'\) bei Hirschbergs Algorithmus bestimmt?,"Mit Hilfe der Forward-Backward-Technik: Die obere Hälfte wird vorwärts, die untere rückwärts berechnet; an Zeile \(m'\) überschneiden sich beide, sodass man die Additional-Cost-Werte \(C(m',j)\) für diese Zeile berechnen kann. Ein optimales Alignment verläuft durch Spalte \(n'\) genau dann, wenn \(C(m',n')=0\)."
"Wie wird Hirschbergs Algorithmus rekursiv fortgesetzt, und wann endet die Rekursion?","Das Verfahren wird rekursiv einmal für das obere linke ""Viertel"" und einmal für das untere rechte ""Viertel"" der Matrix aufgerufen. Die Rekursion endet, sobald nur noch eine einzige Zeile übrig bleibt - dieser Fall lässt sich direkt lösen."
Für welches Gap-Kostenmodell wird Hirschbergs Algorithmus in der Grundversion vorgestellt?,Für homogene lineare Gap-Kosten \(g(\ell)=\ell\cdot\gamma\) (mit konstanten Kosten \(\gamma\) pro Gap-Zeichen).
Welche Aufgabe löst Hirschbergs Algorithmus?,Berechnung eines optimalen globalen Alignments zweier Sequenzen bei geringem Speicherbedarf.
"Welche Speicherplatzkomplexität hat Hirschbergs Algorithmus, und warum?","\(O(m+n)\): Alle Matrixberechnungen lassen sich zeilenweise mit höchstens zwei benachbarten Zeilen im Speicher durchführen, und das finale Alignment hat höchstens \(m+n\) Spalten."
"Wie hoch ist der Laufzeit-""Preis"", den man für den linearen Speicherplatzbedarf bei Hirschbergs Algorithmus zahlt?",Nur etwa ein konstanter Faktor \(2\) - die asymptotische Zeitkomplexität bleibt bei \(O(mn)\).
"Warum bleibt die Gesamtzeitkomplexität von Hirschbergs Algorithmus bei \(O(mn)\), obwohl manche Zellen mehrfach berechnet werden?","In der ersten Rekursionsebene werden \(mn\) Zellen berechnet, in der zweiten nur noch die Hälfte der Matrix, in der dritten ein Viertel usw. Die Gesamtsumme ist \(mn\cdot(1+\tfrac12+\tfrac14+\dots) \le 2mn\) (geometrische Reihe)."
"Lässt sich Hirschbergs Technik auf affine Gap-Kosten übertragen, und was ist dabei zu beachten?","Ja, konzeptionell unkompliziert (erstmals gezeigt von Myers und Miller, 1988) - die Grundidee bleibt gleich, aber die Detailrechnung (analog zur Total-Cost-Matrix-Berechnung mit affinen Kosten) ist aufwendiger."
Kann Hirschbergs Technik auch auf allgemeine (beliebige) Gap-Kostenfunktionen angewendet werden?,"Nein - allgemeine Gap-Kosten lassen sich nicht im linearen Speicherplatz behandeln; selbst der reine Alignment-Score kann dann nicht in linearem Speicherplatz berechnet werden, da man stets auf alle Zellen links und oberhalb der aktuellen Zelle zugreifen muss."
Wie lässt sich Hirschbergs Technik auf lokales Alignment im linearen Speicherplatz übertragen?,"Man verwendet eine Scoring- statt einer Kostenfunktion und nutzt aus, dass ein lokales Alignment ein globales Alignment der beiden bestpassenden Teilstrings von \(x\) und \(y\) ist. Kennt man Start- und Endpunkte dieser Teilstrings, kann man das gewöhnliche globale Verfahren anwenden."
Wie findet man beim lokalen Alignment im linearen Speicherplatz die Endpunkte bzw die Startpunkte des optimalen Teilstrings?,Die Endpunkte sind der Eintrag mit dem höchsten Score in der (vorwärts berechneten) lokalen Alignment-Matrix. Die Startpunkte findet man über die Reversal-Technik: Sie sind die Endpunkte des optimalen lokalen Alignments der umgekehrten Sequenzen.
Welches Problem kann bei der Reversal-Technik zur Bestimmung der Startpunkte auftreten?,"Gibt es mehrere gleich hoch bewertete lokale Alignments, kann es schwierig werden, die richtigen Start- und Endpunkte einander korrekt zuzuordnen."
"Wie lässt sich das Prinzip von Hirschbergs Algorithmus erweitern, um die \(K\) besten Alignments im linearen Speicherplatz zu finden?","Man merkt sich die \(K\) höchsten Einträge der Editiermatrix; hat man ein optimales Alignment gefunden, speichert man dessen Pfad und schließt seine diagonalen Kanten von der erneuten Verwendung aus, bevor man das nächste (nun optimale) Alignment neu berechnet. Der zusätzliche Speicherbedarf ist proportional zur Gesamtlänge aller gefundenen Alignments - linear bei konstanter Anzahl gesuchter Alignments."
"Warum reicht es bei lokalem Alignment manchmal nicht aus, nur das eine optimale Alignment zu finden?","Es können mehrere biologisch interessante, ähnliche Regionen zwischen zwei Sequenzen existieren, aber der Smith-Waterman-Algorithmus liefert standardmäßig nur ein einziges (optimales) lokales Alignment."
"Was ist der naive Ansatz, um suboptimale lokale Alignments zu finden, und welche zwei Probleme hat er?","Man berichtet nacheinander die Alignments zum höchsten, zweithöchsten usw Score in der lokalen Alignment-Matrix. Probleme: (1) Redundanz - viele gemeldete Alignments überlappen stark und unterscheiden sich nur in Details wie Gap-Platzierung; (2) Shadowing-Effekt - manche hoch bewerteten Alignments bleiben unsichtbar, wenn ein noch höher bewertetes Alignment in der Nähe liegt (z.\,B sich kreuzt), da dann immer das höher bewertete Präfix gewählt wird."
"Wie ist ein ""non-overlapping suboptimal local alignment"" definiert?","Ein Alignment, das keinen Match oder Mismatch mit einem höher bewerteten (sub-)optimalen lokalen Alignment gemeinsam hat. Zwei Alignments \(A,A'\) überlappen, wenn es mindestens eine Position \((i,j)\) gibt, an der \(x[i]\) sowohl in \(A\) als auch in \(A'\) mit \(y[j]\) aligniert ist."
"Wie berechnet man algorithmisch das zweitbeste, nicht überlappende lokale Alignment, nachdem das optimale bereits gefunden wurde?","Man berechnet die Matrix \(S\) erneut, verbietet dabei aber jeden Match/Mismatch (diagonalen Schritt), der zum bereits gemeldeten optimalen Alignment gehört - in den entsprechenden Zellen sind bei der Maximierung nur noch Insertion und Deletion erlaubt."
Muss bei der Neuberechnung wirklich die gesamte Matrix \(S\) neu berechnet werden?,"Nein, es genügt, nur den Teil der Matrix vom Startpunkt des ersten Alignments bis zur unteren rechten Ecke der Matrix neu zu berechnen."
Wann kann man die Neuberechnung entlang einer Zeile bzw Spalte vorzeitig abbrechen?,"Sobald die neu berechneten Werte mit den ursprünglichen Werten übereinstimmen - Waterman und Eggert schlagen vor, abwechselnd eine Zeile und eine Spalte zu berechnen, jeweils bis der neue Wert wieder mit dem alten übereinstimmt."
Wie berechnet man das \(k\)-t-beste nicht überlappende lokale Alignment?,"Man wiederholt das Verfahren (Verbieten der bereits verwendeten Diagonalschritte, Neuberechnung der betroffenen Matrixregion) erneut, ausgehend vom Ergebnis der vorherigen Runde."
"Wie hoch ist die erwartete Laufzeit zur Berechnung der \(K\) besten nicht überlappenden lokalen Alignments, und wovon hängt sie ab?","\(O\!\left(mn + \sum_{k=1}^K L_k^2\right)\) im Erwartungswert, wobei \(L_k\) die Länge des \(k\)-t-besten gemeldeten Alignments ist - diese Schranke gilt, weil bei üblichen Scoring-Funktionen mit negativem Erwartungswert für zufällige Symbolpaare große Teile der Matrix mit Nullen gefüllt sind und daher nur wenig neu berechnet werden muss."
Wie hoch ist die Worst-Case-Laufzeit zur Berechnung der \(K\) besten nicht überlappenden lokalen Alignments?,\(O(mnK)\) - in der Praxis aber meist deutlich schneller.
Welche Erweiterung des Waterman-Eggert-Algorithmus zeigten Huang und Miller (1991)?,Dass sich der Algorithmus auch für affine Gap-Kosten und im linearen Speicherplatz implementieren lässt.
Wie lautet die Rekursionsformel des Smith-Waterman-Algorithmus zur Berechnung der lokalen Alignment-Matrix \(S\)?,"\(S(i,j) = \max\{0,\ S(i{-}1,j{-}1)+s(x[i],y[j]),\ S(i{-}1,j)-\gamma,\ S(i,j{-}1)-\gamma\}\) - die \(0\) erlaubt einen Neustart des lokalen Alignments an jeder Stelle."
"Wie werden die Rand-Zeilen/-Spalten \(S(i,0)\) und \(S(0,j)\) beim Smith-Waterman-Algorithmus initialisiert, und warum?","Alle mit \(0\) - im Gegensatz zum globalen Alignment gibt es beim lokalen Alignment keine Bestrafung dafür, das Alignment nicht bereits am äußersten Rand zu beginnen."
"Wo beginnt das Traceback beim Smith-Waterman-Algorithmus, und wo endet es?","Es beginnt bei der Zelle mit dem höchsten Wert in der gesamten Matrix \(S\) (statt wie beim globalen Alignment in der Ecke \((n,m)\)) und endet, sobald eine Zelle mit Wert \(0\) erreicht wird."
"Wie läuft der Waterman-Eggert-Algorithmus konkret ab, um EIN weiteres suboptimales Alignment zu finden?","Man nimmt die von Smith-Waterman berechnete Matrix, setzt alle Zellen, die zum optimalen Alignment beitragen, auf \(0\), und berechnet ab der Startzeile des vorherigen Alignments die übrigen (nicht zum optimalen Alignment gehörenden) Zellen gemäß der gewöhnlichen Smith-Waterman-Rekursion neu."
Für welche Art von Problem wird der Waterman-Eggert-Algorithmus eingesetzt?,Für lokales Alignment sowie insbesondere für die Berechnung mehrerer nicht überlappender lokaler Alignments.
"Welche Komplexitätsklasse hat das Sum-of-Pairs (SP) Multiple-Sequence-Alignment-Problem, und warum untersucht man trotzdem exakte Algorithmen dafür?",Es ist NP-vollständig. Exakte Algorithmen sind trotzdem relevant als Teilprozedur anderer Methoden oder zum Vergleich/Benchmarking heuristischer Alignment-Algorithmen für eine moderate Anzahl von Sequenzen.
Wie ist die Sum-of-Pairs-Kostenfunktion \(\mathrm{cost}_{SP}(A)\) eines multiplen Alignments \(A\) von \(k\) Sequenzen definiert?,"\(\mathrm{cost}_{SP}(A) := \sum_{1\le p\le q\le k} \mathrm{cost}_2(\pi_{p,q}(A))\) - die Summe der paarweisen Alignment-Kosten aller Sequenzpaar-Projektionen \(\pi_{p,q}(A)\) von \(A\)."
Wie lautet das Sum-of-Pairs Multiple-Alignment-Problem?,"Gegeben \(k\) Sequenzen \(s_1,\dots,s_k\): Finde ein multiples Alignment \(A\), das \(\mathrm{cost}_{SP}(A)\) unter allen multiplen Alignments minimiert."
Wie lässt sich das SP-Multiple-Alignment-Problem grundsätzlich mit dem Universal-Alignment-Algorithmus lösen?,Indem man ihn auf eine \(k\)-dimensionale Alignment-Matrix anwendet - eine Dimension pro Eingabesequenz - und für jede Zelle die minimalen Distanzwerte gemäß der üblichen Vorgänger-Minimierung berechnet.
Wie lautet die DP-Rekursion \(D(v)\) für eine Zelle \(v\) der \(k\)-dimensionalen Alignment-Matrix?,"\(D(v) = \min_{u\in\mathrm{pred}(v)}\{D(u) + \mathrm{cost}(u\to v)\}\), explizit: \(D(i_1,\dots,i_k) = \min_{\Delta_1,\dots,\Delta_k\in\{0,1\},\ \sum\Delta_i\ne0} \{D(i_1-\Delta_1,\dots,i_k-\Delta_k) + D_{SP}(\text{Alignment-Spalte})\}\), wobei \(\Delta_i c = c\) falls \(\Delta_i=1\) und \(\Delta_i c = -\) (Gap) falls \(\Delta_i=0\)."
"Was bedeutet der Vektor \((\Delta_1,\dots,\Delta_k)\) in der MSA-Rekursion anschaulich?","Er gibt an, welche der \(k\) Sequenzen in der aktuellen Alignment-Spalte einen ""echten"" Buchstaben beisteuern (\(\Delta_i=1\)) und welche stattdessen einen Gap erhalten (\(\Delta_i=0\)); der Fall, dass alle \(\Delta_i=0\) sind, ist ausgeschlossen, da das keiner sinnvollen Alignment-Spalte entspricht."
"Welche Speicherplatzkomplexität hat der Basisalgorithmus für das \(k\)-dimensionale SP-Alignment, und woher kommt sie?","\(O(n^k)\) (mit \(n\ge n_1,\dots,n_k\)) - gegeben durch die schiere Größe der \(k\)-dimensionalen Alignment-Matrix."
"Welche Zeitkomplexität hat der Basisalgorithmus, und wie setzt sie sich zusammen?","\(O(n^k\cdot 2^k\cdot k^2)\): Für jede der \(O(n^k)\) Zellen müssen alle \(2^k-1\) Vorgänger ausgewertet werden, und für jeden Vorgänger kostet die Berechnung der Sum-of-Pairs-Kosten der resultierenden Alignment-Spalte zusätzlich \(O(k^2)\) Zeit."
"Lässt sich Hirschbergs Speicherreduktionstechnik auf multiples Alignment übertragen, und wie stark ist der Effekt?","Ja, im Prinzip funktioniert dieselbe Idee, aber der Effekt ist viel geringer als beim paarweisen Alignment: Die Speicherplatzreduktion erfolgt nur um eine Dimension, von \(O(n^k)\) auf \(O(n^{k-1})\) - für große \(k\) (z.\,B \(k=12\)) bleibt der Speicherbedarf weiterhin enorm."
"Wie überträgt sich das Konzept der ""free end gaps"" (kostenlose Randlücken) vom paarweisen auf das multiple Alignment?","Genauso wie beim paarweisen semi-globalen Alignment - man ändert lediglich die Initialisierung der Basisfälle (der äußeren Ränder der \(k\)-dimensionalen Matrix), sodass Gaps am Anfang/Ende nicht (oder weniger) bestraft werden."
"Was sind ""natural gap costs"" bei multiplen Alignments mit affinen Gap-Kosten?","Die Kosten eines multiplen Alignments werden als Summe der Kosten aller paarweisen Projektionen definiert, wobei jede paarweise Projektion mit den gewöhnlichen affinen Gap-Kosten bewertet wird."
"Welches praktische Problem hat die exakte Berechnung mit ""natural gap costs""?",Die Anzahl der benötigten Historienmatrizen (wie \(V\) und \(H\) im paarweisen Fall) wächst exponentiell mit der Anzahl der Sequenzen - das erfordert sehr viel Speicherplatz.
"Was ist die Grundidee der ""quasi-natural gap costs"" von Altschul (1989)?","Statt die exakten natürlichen Gap-Kosten zu berechnen, schaut man nur eine Position zurück im Editgraphen und entscheidet allein anhand der vorherigen Spalte, ob in der aktuellen Spalte ein neuer Gap eröffnet wird - eine Approximation, die einen im Zweifel nicht eindeutig entscheidbaren Fall pauschal wie eine bestimmte Gap-Situation behandelt, statt ihn korrekt zu unterscheiden."
"Welche Auswirkung hat die Verwendung von ""quasi-natural gap costs"" auf Zeit- und Speicherkomplexität im Vergleich zu exakten natürlichen Gap-Kosten?",Die Zeitkomplexität verschlechtert sich um einen Faktor \(2^k\) auf \(O(n^k 2^{2k}k^2)\); die Speicherplatzkomplexität bleibt im Worst Case unverändert bei \(O(n^k)\).
"Was für eine Art von Algorithmus ist der Carrillo-Lipman-Ansatz, und was garantiert er?","Ein Branch-and-Bound-Verfahren zur Laufzeitheuristik - im Worst Case bleibt es weiterhin exponentiell, reduziert die Rechenzeit in der Praxis aber oft erheblich (anwendbar auf ca 7-10 Proteinsequenzen der Länge 300-400)."
Welche intuitive Grundbeobachtung liegt dem Carrillo-Lipman-Ansatz zugrunde?,"Auch wenn die paarweisen Projektionen eines optimalen multiplen Alignments nicht notwendig selbst optimale paarweise Alignments sind, können sie auch nicht besonders schlecht sein - wären alle paarweisen Projektionen schlecht, wäre auch der gesamte Sum-of-Pairs-Score des multiplen Alignments schlecht."
Welche algorithmische Konsequenz zieht man aus der Carrillo-Lipman-Grundbeobachtung?,"Man kann den Suchraum auf jene Zellen einschränken, die Teil von nahezu optimalen paarweisen Alignments für jede paarweise Projektion sind."
Wozu benötigt man ein heuristisch berechnetes multiples Alignment \(A^{\mathrm{heur}}\) im Carrillo-Lipman-Verfahren?,"Es liefert eine obere Schranke \(\mathrm{cost}_{SP}(A^{\mathrm{heur}}) \ge \mathrm{cost}_{SP}(A^{\mathrm{opt}})\) für die unbekannten Kosten des optimalen multiplen Alignments - z.\,B berechnet durch progressives Alignment oder die Center-Star-Heuristik."
"Wie lautet die obere Schranke \(U_{(x,y)}\) für die Kosten der Projektion eines optimalen multiplen Alignments auf ein Sequenzpaar \((x,y)\)?","\(U_{(x,y)} := \mathrm{cost}_{SP}(A^{\mathrm{heur}}) - \sum_{\substack{p<q\\(p,q)\ne(x,y)}} d(s_p,s_q)\), wobei \(d(s_p,s_q)\) die optimale paarweise Alignment-Distanz ist."
"Welche Kernidee steckt hinter der Herleitung der oberen Schranke \(U_{(x,y)}\)?","Da jede paarweise Projektion eines beliebigen multiplen Alignments mindestens so teuer ist wie das optimale paarweise Alignment dieses Sequenzpaares, kann man alle Paare außer \((x,y)\) durch ihre bekannten optimalen paarweisen Kosten nach unten abschätzen. So lässt sich aus der oberen Schranke für die Gesamtkosten eine obere Schranke allein für die Kosten des Paares \((x,y)\) isolieren."
"Was wird benötigt, um alle oberen Schranken \(U_{(x,y)}\) zu berechnen, und ist das aufwendig?",Nur die paarweise optimalen Alignments aller Sequenzpaare sowie ein heuristisches multiples Alignment - das lässt sich effizient berechnen.
"Welche Bedingung muss eine Zelle \((i_1,\dots,i_k)\) der multidimensionalen Alignment-Matrix erfüllen, um nicht aus dem Suchraum entfernt zu werden?","Für jedes Sequenzpaar \((x,y)\) muss das beste paarweise Alignment von \(s_x\) und \(s_y\) durch die Zelle \((i_x,i_y)\) Kosten \(\le U_{(x,y)}\) haben."
"Mit welcher bereits bekannten Technik bestimmt man die Kosten des besten paarweisen Alignments, das durch eine gegebene Zelle \((i_x,i_y)\) verläuft?","Mit der Forward-Backward-Technik: Man berechnet die Total-Cost-Matrix \(T_{(x,y)}\), sodass \(T_{(x,y)}(i_x,i_y)\) genau diese Kosten liefert."
"Wie sind die Mengen \(B_{(x,y)}\) und \(B\) im Carrillo-Lipman-Verfahren definiert?","\(B_{(x,y)} := \{(i_1,\dots,i_k) : T_{(x,y)}(i_x,i_y)\le U_{(x,y)}\}\) (Zellen, die die Schranke für Paar \((x,y)\) erfüllen); \(B := \bigcap_{x<y} B_{(x,y)}\) (Zellen, die alle paarweisen Schranken gleichzeitig erfüllen)."
"Warum kann man sicher sein, dass ein optimales multiples Alignment nur durch Zellen in \(B\) verläuft?","Da die Projektion eines SP-optimalen multiplen Alignments auf jedes Sequenzpaar \((x,y)\) höchstens Kosten \(U_{(x,y)}\) haben kann, können Zellen mit \(T_{(x,y)}(i,j) > U_{(x,y)}\) keinen Teil dieser Projektion enthalten - ein optimales Alignment muss also für jedes Paar in \(B_{(x,y)}\) und somit insgesamt in \(B\) verlaufen."
Welchen praktischen Nutzen hat die Beschränkung auf die Zellmenge \(B\)?,Statt der Distanzen in allen \(O(n^k)\) Zellen der Alignment-Matrix müssen nur die Distanzen der oft sehr viel kleineren Menge \(|B|\) Zellen berechnet werden.
Wovon hängt die Größe der reduzierten Zellmenge \(B\) maßgeblich ab?,"Von der Qualität des heuristischen Alignments (je näher \(\mathrm{cost}_{SP}(A^{\mathrm{heur}})\) am wahren Optimum liegt, desto kleiner ist \(B\)) und vom Unterschied zwischen optimalen paarweisen Alignment-Kosten und den Kosten der paarweisen Projektionen des optimalen multiplen Alignments."
"Welcher Faktor beeinflusst die Praxistauglichkeit der Carrillo-Lipman-Heuristik am stärksten - Sequenzlänge, Anzahl der Sequenzen, oder Sequenzähnlichkeit?","Die Sequenzähnlichkeit spielt die größte Rolle: Bei vielen, aber einander ähnlichen Sequenzen mit kleinen Gap-Kosten kann die Heuristik sehr gut funktionieren, während schon wenige, aber wenig verwandte Sequenzen selbst mit den besten bekannten Heuristiken tage- bis wochenlange Rechenzeiten benötigen können."
"Welcher ""Cheating""-Trick wird manchmal verwendet, um die Menge \(B\) noch weiter zu verkleinern, und welches Risiko birgt er?","Man ersetzt die obere Schranke \(\delta=\mathrm{cost}_{SP}(A^{\mathrm{heur}})\) durch einen kleineren, spekulativen Wert \(\delta-\epsilon_{(x,y)}\) (in der Annahme, dass ein besseres Alignment existiert). Risiko: Man kann dadurch das tatsächlich optimale multiple Alignment fälschlich aus \(B\) ausschließen - in der Praxis funktioniert der Trick bei vorsichtiger Anwendung aber oft gut und beschleunigt die Rechnung weiter."
"Warum wird für die Carrillo-Lipman-Umsetzung eine ""Push-Type""- statt einer ""Pull-Type""-Rekursion empfohlen?","Weil die Menge \(B\) nur konzeptionell existiert und nicht explizit vorab konstruiert werden muss - bei einer Push-Berechnung (ausgehend von bereits aktivierten Zellen) muss man nur die tatsächlich erreichbaren, gültigen Zellen verwalten, statt vorab über die gesamte potenziell riesige Matrix zu iterieren."
Wie wird der Zustand des Algorithmus bei der Push-Type-Berechnung verwaltet?,"Über eine Warteschlange (Queue bzw Priority Queue) ""aktiver"" Zellen, die anfangs nur die Startzelle \((0,\dots,0)\) enthält. Alle anderen Zellen gelten implizit als \(\infty\), ohne dass dies explizit gespeichert wird."
"Was passiert beim ""Besuchen"" einer Zelle \(v\) im Carrillo-Lipman-Algorithmus?","Man prüft für jeden der \(2^k-1\) Nachfolger \(w\), ob er zu \(B\) gehört (bereits in der Queue, oder die Carrillo-Lipman-Schranke wird für jedes Indexpaar erfüllt) und aktualisiert bzw aktiviert ihn entsprechend; danach wird \(v\) aus der Queue entfernt (und ggf für die Traceback-Rekonstruktion separat gespeichert)."
"Nach welchen zwei möglichen Kriterien kann die nächste zu besuchende Zelle ausgewählt werden, damit der Algorithmus korrekt bleibt?",(1) Eine Zelle mit minimaler Distanz - dann entspricht der Algorithmus im Wesentlichen Dijkstras Algorithmus für kürzeste Wege; oder (2) eine beliebige Zelle ohne aktive Vorgänger - dann muss ihre Distanzinformation nach dem Besuch nicht mehr aktualisiert werden.
Welche konkreten Implementierungen der Carrillo-Lipman-Heuristik werden genannt?,"Die Programme MSA (Gupta et al., 1995) und QALIGN (Sammeth et al., 2003b)."
"Wie ist ein ""Problem"" \(Q\) im Sinne der Komplexitätstheorie formal definiert?",Als binäre Relation zwischen einer Menge \(I\) von Probleminstanzen und einer Menge \(S\) von Problemlösungen.
"Kann eine Probleminstanz zu mehreren Lösungen gehören, und umgekehrt?","Ja - eine Probleminstanz kann auf keine, eine oder mehrere Problemlösungen verweisen, und eine Problemlösung kann zu keiner, einer oder mehreren Probleminstanzen gehören."
Was ist ein Optimierungsproblem?,"Ein Problem, bei dem eine Kostenfunktion minimiert oder eine Scorefunktion maximiert werden soll."
Was ist ein Entscheidungsproblem?,"Eine ""Ja/Nein-Frage"" mit genau zwei möglichen Problemlösungen, \(S=\{T,F\}\) (wahr/falsch)."
Wie hängen Optimierungsprobleme und Entscheidungsprobleme in der Komplexitätstheorie zusammen?,"Die NP-Vollständigkeits-Theorie betrachtet hauptsächlich Entscheidungsprobleme, doch jedes Optimierungsproblem lässt sich als Folge von Entscheidungsproblemen (Schwellenwert-Suche) formulieren - ist das Entscheidungsproblem schwer, ist meist auch das zugehörige Optimierungsproblem schwer."
Welche Probleme enthält die Komplexitätsklasse \(\mathbf{P}\)?,"Alle Entscheidungsprobleme, für die ein deterministischer Algorithmus existiert, der eine gegebene Probleminstanz in Polynomialzeit löst - kurz: \(\mathbf P\) = effizient lösbar."
"Welche Probleme enthält die Komplexitätsklasse \(\mathbf{NP}\) (moderne, verifikationsbasierte Definition)?","Alle Entscheidungsprobleme, für die ein deterministischer Algorithmus existiert, der für ein gegebenes Zertifikat (eine Belegung der Eingabevariablen) in Polynomialzeit verifizieren kann, ob dieses Zertifikat tatsächlich Lösung \(T\) liefert - kurz: \(\mathbf{NP}\) = effizient verifizierbar."
"In welchem Verhältnis stehen die Klassen \(\mathbf P\) und \(\mathbf{NP}\) zueinander, und ist diese Frage vollständig geklärt?","Es gilt stets \(\mathbf P \subseteq \mathbf{NP}\). Ob umgekehrt \(\mathbf P = \mathbf{NP}\) gilt, ist bis heute eine offene Frage."
Wie lautet die historisch ursprüngliche (nicht-verifikationsbasierte) Definition von \(\mathbf{NP}\)?,"\(\mathbf{NP}\) als die Klasse aller Probleme, für die ein nichtdeterministischer Algorithmus existiert, der eine Probleminstanz in Polynomialzeit lösen kann. Diese Definition ist weniger intuitiv, weshalb heute meist die verifikationsbasierte Definition bevorzugt wird."
Wann heißt ein Problem \(Q\) auf ein Problem \(Q'\) reduzierbar?,"Wenn sich jede Instanz von \(Q\) so als Instanz von \(Q'\) formulieren lässt, dass sich die Lösung von \(Q\) aus der Lösung von \(Q'\) ergibt."
"Wann heißt eine Reduktion \(Q\le_p Q'\) polynomialzeit-reduzierbar, und welche wichtige Konsequenz hat \(Q\le_p Q'\)?","Wenn die Reduktion selbst nur Polynomialzeit benötigt. Konsequenz: \(Q\le_p Q'\) impliziert \(Q'\in\mathbf P \Rightarrow Q\in\mathbf P\) - ist \(Q'\) effizient lösbar, dann auch \(Q\)."
Wann heißt ein Problem NP-schwer (NP-hard)?,Wenn sich jedes Problem aus \(\mathbf{NP}\) in Polynomialzeit auf dieses Problem reduzieren lässt - das Problem ist also mindestens so schwer wie jedes Problem in \(\mathbf{NP}\) (muss selbst aber nicht zwingend in \(\mathbf{NP}\) liegen).
Wann heißt ein Problem NP-vollständig (NP-complete)?,Wenn es sowohl in \(\mathbf{NP}\) liegt als auch NP-schwer ist.
Welche zentrale Eigenschaft hat die Klasse NPC bezüglich der Frage \(\mathbf P \overset{?}{=} \mathbf{NP}\)?,"Ist irgendein NP-vollständiges Problem in Polynomialzeit lösbar, so folgt \(\mathbf P = \mathbf{NP}\). Ist umgekehrt irgendein Problem in \(\mathbf{NP}\) NICHT in Polynomialzeit lösbar, dann ist auch kein einziges NP-vollständiges Problem in Polynomialzeit lösbar."
Welche Annahme bezüglich \(\mathbf P\) und \(\mathbf{NP}\) wird üblicherweise als am plausibelsten angesehen?,Dass \(\mathbf P \ne \mathbf{NP}\) gilt (auch wenn \(\mathbf P = \mathbf{NP}\) als Alternative nicht ausgeschlossen ist).
Wie lautet das Satisfiability-Problem (SAT)?,"Gegeben eine boolesche Formel der Länge \(n\): Ist sie erfüllbar, d.\,h gibt es eine Variablenbelegung, sodass die Formel zu \(T\) ausgewertet wird?"
Warum liegt SAT in der Klasse \(\mathbf{NP}\)?,"Weil man bei gegebenem Zertifikat (einer Variablenbelegung) in Polynomialzeit entscheiden kann, ob die Formel damit zu \(T\) ausgewertet wird."
"Welche Grundidee steckt hinter dem Nachweis, dass sich jedes Problem \(Q\in\mathbf{NP}\) auf SAT reduzieren lässt?","Da \(Q\in\mathbf{NP}\) einen Polynomialzeit-Verifikationsalgorithmus \(A(x,y)\) besitzt, lässt sich dieser (für feste Instanz \(x\)) als boolesche Funktion \(C_x(y)\) codieren, die genau dann erfüllbar ist, wenn \(y\) eine gültige Lösung von \(x\) ist - diese Codierung ist in Polynomialzeit konstruierbar (via CIRCUIT-SAT)."
"Welche vier Schritte umfasst der Standardweg, um zu zeigen, dass ein Problem \(Q\) NP-vollständig ist?","(1) Zeige \(Q\in\mathbf{NP}\). (2) Wähle ein bereits bekanntes NP-vollständiges Problem \(Q'\). (3) Beschreibe eine in Polynomialzeit berechenbare Funktion \(f\), die jede Instanz von \(Q'\) auf eine Instanz von \(Q\) abbildet. (4) Zeige, dass \(x\in Q' \Leftrightarrow f(x)\in Q\) für alle \(x\) gilt."
Was zeigt das Beispiel der Reduktion des Consecutive-Ones-Problems (C1P) auf das Traveling-Salesperson-Problem (TSP)?,"Wie man mit Hilfe einer bereits algorithmisch angreifbaren Problemklasse ein anderes Problem lösen kann: Aus der Binärmatrix \(M\) wird ein gewichteter vollständiger Graph konstruiert, dessen Kantengewichte die Hamming-Distanzen der Spalten sind; C1P ist für \(M\) genau dann erfüllt, wenn dieser Graph eine TSP-Tour einer bestimmten Länge besitzt - ein effizienter TSP-Löser würde also auch C1P effizient lösen."
"Welche fünf grundsätzlichen Strategien gibt es, um mit einem NP-vollständigen Problem in der Praxis dennoch umzugehen?","(1) Kleine Instanzen exakt lösen; (2) Suchraum durch geeignete Heuristiken effizient beschneiden (Laufzeitheuristiken); (3) für bestimmte Unterklassen existieren ggf Polynomialzeit-Algorithmen (Fixed-Parameter-Tractability, FPT); (4) die optimale Lösung nur bis zu einem garantierten Grad approximieren (Approximationsalgorithmen); (5) auf jede Optimalitätsgarantie verzichten und schnelle, meist gute Heuristiken verwenden (Korrektheitsheuristiken)."
Wie ist eine \(c\)-Approximation definiert (für Minimierungs- bzw Maximierungsprobleme)?,Bei einem Kostenminimierungsproblem garantiert eine \(c\)-Approximation (\(c\ge1\)) eine Lösung mit höchstens \(c\)-fachen Kosten der optimalen Lösung. Bei einem Maximierungsproblem garantiert sie einen Score von mindestens \(\frac1c\) des optimalen Scores.
"Welche Approximationsgüte garantiert die Center-Star-Methode für das Sum-of-Pairs-Multiple-Alignment-Problem, und unter welcher Voraussetzung?","Eine \(2\)-Approximation, vorausgesetzt die zugrundeliegende gewichtete Editierdistanz erfüllt die Dreiecksungleichung."
"Wie wird die ""Center-Sequenz"" \(s_c\) im Center-Star-Verfahren bestimmt?","Für jede Sequenz \(s_p\) berechnet man ihre Gesamtdistanz \(d_p=\sum_{1\le q\le k} d(s_p,s_q)\) zu allen anderen Sequenzen. Die Sequenz \(s_c\) mit dem kleinsten Wert \(d_c\) wird zur Center-Sequenz."
Wie wird das multiple Alignment \(A_c\) im Center-Star-Verfahren konstruiert?,"Man berechnet für jede Sequenz \(s_p\ne s_c\) das optimale paarweise Alignment \(A_{\{c,p\}}\) mit der Center-Sequenz und kombiniert alle diese paarweisen Alignments zu einem multiplen Alignment, sodass die Projektion von \(A_c\) auf \((c,p)\) genau \(A_{\{c,p\}}\) entspricht (neu eingeführte Gaps in \(s_c\) werden dabei an derselben Position in alle bereits eingefügten Sequenzen übernommen)."
Welche zentrale mathematische Zutat wird im Beweis der \(2\)-Approximationsgüte der Center-Star-Methode verwendet?,"Die Dreiecksungleichung: Die Kosten der Projektion \(\pi_{\{p,q\}}(A_c)\) werden über den Umweg durch die Center-Sequenz abgeschätzt, \(\mathrm{cost}_2(\pi_{\{p,q\}}(A_c)) \le \mathrm{cost}_2(\pi_{\{p,c\}}(A_c)) + \mathrm{cost}_2(\pi_{\{c,q\}}(A_c))\), wobei die beiden rechten Terme wegen der Optimalität der Alignments zur Center-Sequenz gerade den bekannten paarweisen Distanzen \(d(s_p,s_c)\) bzw \(d(s_c,s_q)\) entsprechen."
Welche Zeitkomplexität hat der Center-Star-Algorithmus (für \(k\) Sequenzen gleicher Länge \(n\))?,"\(O(k^2n^2)\): \(O(k^2n^2)\) für die \(\binom{k}{2}\) paarweisen Alignments im ersten Schritt, plus \(O(k^2n)\) für das Zusammenfügen im zweiten Schritt."
Welche Speicherplatzkomplexität hat der Center-Star-Algorithmus?,\(O(k^2n)\) - dominiert durch die Speicherung der \(k\) paarweisen Alignments sowie des entstehenden multiplen Alignments (die reine Distanzberechnung benötigt nur \(O(n+k)\)).
Wie lässt sich die Center-Star-Idee zu einer besseren Approximationsgüte verallgemeinern?,"Statt paarweiser Alignments werden optimale multiple Alignments von jeweils \(\kappa\) Sequenzen berechnet; dies liefert eine \(\left(2-\frac{\kappa}{k}\right)\)-Approximation (Bafna et al., 1997)."
"Was für eine Art von Heuristik ist Divide-and-Conquer Alignment (DCA), und welche Garantien bietet sie (nicht)?","Eine Korrektheitsheuristik - sie gibt keine Garantie mehr über die resultierenden Alignment-Kosten, liefert in der Praxis aber oft sehr gute (häufig optimale oder nahezu optimale) Ergebnisse."
Welche Vor- und Nachteile hat DCA gegenüber dem exakten Algorithmus bezüglich Laufzeit und Speicherplatz?,Im Worst Case bleibt die Laufzeit weiterhin exponentiell in der Anzahl der Sequenzen. Vorteile sind ein polynomieller Speicherplatzbedarf sowie eine im Mittel deutlich schnellere praktische Laufzeit als die vollständige Suche.
Was ist die Grundidee des Divide-and-Conquer-Alignment-Verfahrens?,"Man schneidet alle Sequenzen an je einer geeigneten Stelle in einen linken und einen rechten Teil, sodass ein optimales multiples Alignment garantiert (fast) durch diese Schnitte verläuft, und löst dann die beiden kleineren Teilprobleme separat (rekursiv oder exakt)."
"Wann heißt eine Familie von Schnittpositionen \((c_1,\dots,c_k)\) ein optimaler Schnitt?","Wenn es ein Alignment \(A\) der Präfixe \((s_1[1\dots c_1],\dots,s_k[1\dots c_k])\) und ein Alignment \(B\) der Suffixe gibt, sodass die Konkatenation \(A{+}{+}B\) ein optimales Alignment von \(s_1,\dots,s_k\) ist."
Was besagt das Lemma über die Wahl der ersten Schnittposition \(\hat c_1\)?,"Für jede beliebige Schnittposition \(\hat c_1\in\{0,\dots,n_1\}\) der ersten Sequenz existieren stets passende Schnittpositionen \(c_2,\dots,c_k\) der übrigen Sequenzen, sodass \((\hat c_1,c_2,\dots,c_k)\) insgesamt ein optimaler Schnitt ist."
Wie lautet die Beweisidee für dieses Lemma?,"Man nimmt ein optimales Alignment \(A^{\mathrm{opt}}\) und führt einen senkrechten Schnitt genau zwischen den Positionen, die zu \(s_1[\hat c_1]\) und \(s_1[\hat c_1+1]\) in der ersten Zeile gehören. Die dadurch in den übrigen Zeilen erzeugten Schnittpositionen \(c_2,\dots,c_k\) sind per Konstruktion optimal."
Welche praktische Konsequenz hat dieses Lemma für den Aufbau von DCA?,Man kann die erste Schnittposition frei wählen (aus Symmetriegründen üblicherweise die Mitte \(\hat c_1=\lceil n_1/2\rceil\)) und muss nur noch die dazu passenden optimalen Schnittpositionen der übrigen Sequenzen finden.
"Warum reicht das Lemma allein nicht aus, um optimale Schnittpositionen effizient zu finden?","Wegen der NP-Vollständigkeit des SP-Alignment-Problems ist es unwahrscheinlich, dass es einen Polynomialzeit-Algorithmus gibt, der optimale Schnittpositionen findet - man ist daher auf eine Heuristik angewiesen."
"Wie ist die ""multiple additional cost"" \(C(c_1,\dots,c_k)\) eines Schnitts definiert?","\(C(c_1,\dots,c_k) := \sum_{1\le p<q\le k} C_{(p,q)}(c_p,c_q)\) - die Summe der paarweisen Additional-Cost-Werte über alle Sequenzpaare, ausgewertet an den jeweiligen Schnittpositionen."
Was misst die multiple additional cost eines Schnitts anschaulich?,"Wie teuer es (summiert über alle Sequenzpaare) ist, ausgerechnet an diesen Positionen zu schneiden, verglichen damit, an mit den paarweise optimalen Alignments kompatiblen Positionen zu schneiden - je näher die Schnittpositionen an optimalen paarweisen Alignment-Pfaden liegen, desto kleiner ist der Beitrag zu den Gesamtkosten."
"Garantiert eine multiple additional cost von Null, dass der zugehörige Schnitt zu einem optimalen multiplen Alignment führt? Gilt auch die Umkehrung?","Nein, in beiden Richtungen nicht: Ein Schnitt mit multiple additional cost Null muss nicht optimal sein, und ein optimaler Schnitt hat nicht notwendigerweise multiple additional cost Null."
Nach welchem Prinzip wählt man trotz der fehlenden Garantie in der Praxis gute Schnittpositionen?,"Man wählt Schnitte, welche die multiple additional cost minimieren - das ist in der Praxis eine gute (wenn auch nicht garantiert optimale) Heuristik."
Wie läuft der DCA-Algorithmus rekursiv ab?,"Man wählt eine Schnittposition \(\hat c_1=\lceil n_1/2\rceil\) für die erste Sequenz, bestimmt die übrigen Schnittpositionen \(c_2,\dots,c_k\) so, dass die multiple additional cost minimal wird, teilt alle Sequenzen dort, und ruft sich rekursiv auf beide Hälften auf - bis die maximale Sequenzlänge unter einen Schwellenwert \(L\) fällt, ab dem ein exakter MSA-Algorithmus (z.\,B mit Carrillo-Lipman-Schranken) verwendet wird."
"Wie groß ist der Suchraum bei der Bestimmung der übrigen Schnittpositionen \(c_2,\dots,c_k\), wenn \(\hat c_1\) bereits fixiert ist?","\(O(n_2\cdot n_3\cdots n_k)\), da \(\hat c_1\) fest ist, die übrigen Positionen aber über die gesamte jeweilige Sequenzlänge variieren können."
Welche Zeit- und Speicherkomplexität hat die vollständige Berechnung einer einzelnen optimalen Schnittposition?,\(O(k^2n^2 + n^{k-1})\) Zeit und \(O(k^2n^2)\) Speicherplatz.
Wie lautet die (unter vereinfachenden Annahmen hergeleitete) asymptotische Gesamtzeitkomplexität des vollständigen DCA-Verfahrens?,"\(O\big(k^2n^2 + n^{k-1} + 2^k n L^{k-1} k^2\big)\), wobei \(n\) die maximale Sequenzlänge und \(L\) der Schwellenwert für den exakten MSA-Basisfall ist."
Wie lautet die Gesamtspeicherplatzkomplexität des vollständigen DCA-Verfahrens?,\(O(k^2n^2 + L^k)\).
Wie verhält sich die Gesamtzeitkomplexität von DCA im Vergleich zur Standard-DP für multiples Alignment?,"Die Zeit wird nur um eine Dimension reduziert - es ist daher nicht offensichtlich, dass das Verfahren insgesamt einen echten Vorteil bringt."
"Worin liegt der eigentliche praktische Vorteil von DCA, wenn nicht primär in der Zeitkomplexität?","Im Speicherplatzbedarf: Er lässt sich als polynomiell ansehen, da der Speicher hauptsächlich für die \(\binom{k}{2}\) Additional-Cost-Matrizen benötigt wird; der exponentielle Speicheranteil für den exakten MSA-Schritt bei Sequenzen kürzer als \(L\) ist vernachlässigbar, da \(L\) klein und frei wählbar ist."
Welche strukturelle Eigenschaft der Additional-Cost-Matrizen lässt sich zur weiteren Beschleunigung ausnutzen?,"Die für die Schnittwahl interessanten kleinen Werte liegen oft nahe der Hauptdiagonalen, und die Werte wachsen schnell, wenn man sich von ihr entfernt - darauf aufbauend wurden Branch-and-Bound-Heuristiken entwickelt, um die Suche nach guten Schnittpositionen zu beschleunigen."
Welche bekannte Schwäche haben globale multiple-Alignment-Methoden (wie progressive Methoden oder DCA)?,"Lokale Ähnlichkeiten können falsch aligniert werden, wenn sie im globalen Kontext nicht signifikant genug erscheinen - das Ergebnis hängt zudem stark von vorab gewählten Parametern wie Kostenfunktion, Gap-Kosten und Scoring-Schema ab."
Was ist die Grundidee des segment-basierten Sequenzalignments?,"Statt einzelne Positionen zu vergleichen, werden ganze Einheiten lokaler Ähnlichkeit (Segmente) identifiziert und als Bausteine für den Aufbau eines globalen multiplen Alignments verwendet - das Ergebnis hängt dadurch weniger von den gewählten Alignment-Parametern ab und spiegelt stärker die tatsächlichen lokalen Ähnlichkeiten der Daten wider."
"Wie identifiziert die (einfachste) TWOALIGN-Strategie Segmente, und welchen Nachteil hat dieser Ansatz?","Durch suboptimale lokale Alignments, wie sie Smith-Waterman oder Waterman-Eggert liefern. Nachteil: Die lokale Alignment-Berechnung benötigt weiterhin die üblichen Alignment-Parameter (Scoring-Funktion, Gap-Kosten)."
"Was ist die Alternative zu gap-behafteten lokalen Alignments bei der Segment-Identifikation, und welchen Vorteil bietet sie?","Die Verwendung gap-freier lokaler Alignments, deren Segmente Diagonalstücken der Alignment-Matrix entsprechen. Da gap-freie Alignments schneller berechnet werden können, kann mehr Rechenzeit in die Bewertung ihres Scores investiert werden."
"Wie ist der p-Wert \(P_D(l_D,s_D)\) einer Diagonale definiert, und was drückt er aus?","\(P_D(l_D,s_D) = \sum_{i=s_D}^{l_D} \binom{l_D}{i} p^i(1-p)^{l_D-i}\) - die Wahrscheinlichkeit, dass ein zufälliges Segment der Länge \(l_D\) mindestens \(s_D\) Matches aufweist (mit \(p=0.25\) für Nukleotide bzw \(p=0.05\) für Aminosäuren)."
Wie ist das Gewicht \(w_D\) einer Diagonale definiert?,"\(w_D = -\ln(P_D)\) - je unwahrscheinlicher (kleiner der p-Wert) ein beobachtetes Segment unter dem Zufallsmodell ist, desto größer ist sein Gewicht."
"Welche Zeit benötigt die Berechnung aller Diagonalen, und wie lässt sie sich verbessern?","\(O(n^3)\) im Allgemeinen, reduzierbar auf \(O(n^2)\), wenn die maximale Länge eines Diagonalsegments durch eine Konstante beschränkt wird."
Wann sind zwei Segmente (im Fall von zwei Sequenzen) inkonsistent?,"Wenn sie sich ""kreuzen"" - d.\,h die Einbeziehung beider Segmente gleichzeitig ist in keinem gemeinsamen Alignment möglich."
Wie verallgemeinert sich der Begriff der Inkonsistenz auf eine Menge von Segmenten über mehrere Sequenzen?,"Eine Menge von Segmenten heißt inkonsistent, wenn es kein multiples Alignment der Sequenzen gibt, das alle diese Segmente gleichzeitig induziert."
"Wie gehen TWOALIGN und DIALIGN vor, um aus einer Menge von Segmenten eine konsistente Teilmenge auszuwählen?","Mit einem Greedy-Algorithmus: Man betrachtet die Segmente in absteigender Reihenfolge ihres Gewichts und fügt jedes Segment genau dann zur Lösung hinzu, wenn es mit den bereits ausgewählten Segmenten konsistent ist."
Welche alternative Methode zur Segmentauswahl (statt Greedy) wird genannt?,"Chaining-basierte Methoden, wie sie auch im Kontext des Ganzgenom-Alignments verwendet werden."
"Wie gehen unterschiedliche Methoden mit Zeichen um, die in keinem der ausgewählten konsistenten Segmente enthalten sind?","DIALIGN füllt die verbleibenden Regionen einfach mit Gaps und lässt diese Zeichen ungealignt. Alternativ kann man versuchen, die Regionen zwischen den Segmenten nachträglich neu zu alignieren, was aber nicht trivial ist, da diese Zwischenregionen nicht eindeutig definiert sind."
Was verbessert DIALIGN gegenüber einer einfachen paarweisen Segmentbewertung?,"DIALIGN bezieht bei der Auswahl konsistenter Segmente Informationen aus mehreren Sequenzen gleichzeitig ein und verwendet eine optimierte Zielfunktion, um Diagonalen mit einem schwachen, aber über viele Sequenzen konsistenten Signal höher zu bewerten."
"Wie ist das ""overlap weight"" \(\mathrm{olw}(D)\) einer Diagonale \(D\) definiert?","\(\mathrm{olw}(D) = w_D + \sum_{E\in\mathcal D} \tilde w(D,E)\), wobei \(\tilde w(D_1,D_2):=w_{D_3}\) das Gewicht des durch zwei Diagonalen implizierten Überlapps \(D_3\) ist - das eigene Gewicht der Diagonale wird also um die Gewichte aller mit ihr überlappenden Diagonalen ergänzt."
Welche Sonderfunktion bietet DIALIGN für codierende DNA-Sequenzen?,Es kann die Codons automatisch in Aminosäuren übersetzen und die Diagonale dann mit dem Aminosäure-Scoring-Schema bewerten.
Was wurde in DIALIGN 2.0 gegenüber der ersten Version verbessert?,"Der statistische Score für Diagonalen wurde so verändert, dass längere Diagonalen stärker gewichtet werden, und die Algorithmen zur Konsistenzprüfung sowie zur Greedy-Aufnahme von Diagonalen in das wachsende multiple Alignment wurden mehrfach verbessert."
Welche zentrale Warnung gilt für sowohl DCA als auch DIALIGN?,"Beide sind Heuristiken ohne Optimalitätsgarantie. DIALIGN eignet sich besonders für lokale Ähnlichkeiten (konservierte Blöcke in sonst unähnlichen Sequenzen), wobei die Greedy-Auswahl suboptimal sein kann; bei DCA hängt die Ergebnisqualität stark von den gewählten Schnittpositionen ab."
